物品コード,物品名,カテゴリ,提供価格,,
,,,生徒販売価格,,
111-108058-11,現役合格システム　英文法・語法演習（part1）,教材,"¥1,753",,
,改訂:2009/01,,"¥2,104",,
111-108059-11,現役合格システム　英文法・語法演習（part2）,教材,"¥1,753",,
,改訂:2012/11,,"¥2,104",,
231-108060-11,現役合格システム英文法・語法演習part1・2解,教材,"¥1,024",,
,改訂:2013/02,,"¥1,572",,
111-111635-11,現役合格システム　英語総合演習　　　,教材,"¥1,899",,
,改訂:2015/01,,"¥2,305",,
231-111636-11,現役合格システム　英語総合演習　解答解説編,教材,¥896,,
,改訂:2013/01,,"¥1,254",,
111-111637-11,現役合格システム　入試長文読解演習　　　,教材,"¥1,781",,
,改訂:2012/12,,"¥2,095",,
231-111638-11,現役合格システム　入試長文読解演習　解答解説編,教材,¥767,,
,改訂:2013/01,,"¥1,074",,
111-108063-11,実戦英語演習A　高2・3　基礎～標準,教材,"¥1,371",,
,改訂:2015/01,,"¥1,645",,
111-108064-11,実戦英語演習B　高2・3　標準～応用,教材,"¥1,371",,
,改訂:2013/01,,"¥1,645",,
111-108065-11,実戦英語演習C　高3　応用～発展,教材,"¥1,371",,
,改訂:2012/12,,"¥1,645",,
111-108139-11,現役合格システム　高１現代文　　　,教材,"¥1,278",,
,改訂:2013/01,,"¥1,572",,
231-108140-11,現役合格システム　高１現代文　解答解説編,教材,¥686,,
,改訂:2012/12,,"¥1,048",,
111-108141-11,現役合格システム　高１古文　　　,教材,"¥1,973",,
,改訂:2013/01,,"¥2,367",,
231-108142-11,現役合格システム　高１古文　解答解説編,教材,¥686,,
,改訂:2013/02,,"¥1,048",,
111-108143-11,現役合格システム　高2現代文演習　　　,教材,"¥1,781",,
,改訂:2013/01,,"¥2,095",,
231-108144-11,現役合格システム　高2現代文演習　解答解説編,教材,¥686,,
,改訂:2013/02,,"¥1,048",,
111-108145-11,現役合格システム　高2古文演習　　　,教材,"¥1,662",,
,改訂:2012/09,,"¥2,095",,
231-108146-11,現役合格システム　高2古文演習　解答解説編,教材,¥686,,
,改訂:2012/11,,"¥1,048",,
111-108147-11,現役合格システム　高3入試現代文演習　　　,教材,"¥1,781",,
,改訂:2012/12,,"¥2,095",,
231-108148-11,現役合格システム　高3入試現代文演習　解答解説編,教材,¥686,,
,改訂:2012/12,,"¥1,048",,
111-108149-11,現役合格システム　高3入試古文演習　　　,教材,"¥1,663",,
,改訂:2012/12,,"¥2,095",,
231-108150-11,現役合格システム　高3入試古文演習　解答解説編,教材,¥767,,
,改訂:2013/01,,"¥1,074",,
111-108151-11,現役合格システム　高3入試漢文演習　　　,教材,"¥1,663",,
,改訂:2013/02,,"¥2,095",,
231-108152-11,現役合格システム　高3入試漢文演習　解答解説編,教材,¥686,,
,改訂:2013/02,,"¥1,048",,
111-115919-11,現役合格システム　高１漢文,教材,"¥1,663",,
,改訂:2013/11,,"¥2,095",,
231-115920-11,現役合格システム　高１漢文　解答解説編,教材,¥686,,
,改訂:2013/11,,"¥1,048",,
111-115921-11,現役合格システム　高2漢文演習,教材,"¥1,663",,
,改訂:2013/11,,"¥2,095",,
231-115922-11,現役合格システム　高2漢文演習　解答解説編,教材,¥686,,
,改訂:2013/12,,"¥1,048",,
111-116098-11,漢字ガイダンス　中学校編,教材,¥924,,
,説明文を開く,,"¥1,294",,
,改訂:2013/12,,,,
111-116099-11,高校受験　漢字ガイダンス,教材,¥880,,
,説明文を開く,,"¥1,232",,
,改訂:2013/12,,,,
111-117703-11,即効！記述ワーク　作文,教材,¥776,,
,改訂:2016/11,,"¥1,086",,
231-117706-11,即効！記述ワーク　作文　指導書,教材,¥974,,
,改訂:2016/11,,,,
111-118590-11,LectureReady1 Second Edit.,教材,"¥3,815",,
,説明文を開く,,"¥4,578",,
,改訂:2016/11,,,,
111-118591-11,LectureReady2 Second Edit,教材,"¥3,815",,
,説明文を開く,,"¥4,578",,
,改訂:2017/01,,,,
111-118743-11,高校入試対策　自由英作文,教材,¥990,,
,説明文を開く,,"¥1,386",,
,改訂:2016/10,,,,
111-118736-11,文章検　公式テキスト　４級,教材,¥495,,
,改訂:2014/05,,¥495,,
111-118737-11,文章検　公式テキスト　３級,教材,¥495,,
,改訂:2015/10,,¥495,,
111-118771-11,漢検　漢字学習ステップ　１０級　ワイド版,教材,"¥1,100",,
,改訂:2016/03,,"¥1,100",,
111-118772-11,漢検　漢字学習ステップ　９級　ワイド版,教材,"¥1,100",,
,改訂:2015/10,,"¥1,100",,
111-118773-11,漢検　漢字学習ステップ　８級　ワイド版,教材,"¥1,100",,
,改訂:2016/03,,"¥1,100",,
111-118774-11,漢検　漢字学習ステップ　７級,教材,¥990,,
,改訂:2016/11,,¥990,,
111-118775-11,漢検　漢字学習ステップ　６級,教材,¥990,,
,改訂:2016/11,,¥990,,
111-118776-11,漢検　漢字学習ステップ　５級,教材,¥990,,
,改訂:2016/12,,¥990,,
111-118777-11,漢検　漢字学習ステップ　４級,教材,"¥1,100",,
,改訂:2019/12,,"¥1,100",,
111-118778-11,漢検　漢字学習ステップ　３級,教材,"¥1,100",,
,改訂:2016/12,,"¥1,100",,
111-119698-11,InsideReading 1 Sec. Edit.,教材,"¥4,435",,
,説明文を開く,,"¥5,322",,
,改訂:2017/06,,,,
111-119699-11,InsideReading 2 Sec. Edit.,教材,"¥4,435",,
,説明文を開く,,"¥5,322",,
,改訂:2017/05,,,,
111-120332-11,国語　読解編　中学入試対策サーパス　ＸＯ,教材,"¥2,125",,
,改訂:2017/11,,"¥2,318",,
111-120333-11,国語　知識編　中学入試対策サーパス,教材,"¥1,386",,
,改訂:2017/12,,"¥1,512",,
111-122534-11,即効！記述ワーク　理科,教材,¥661,,
,改訂:2018/10,,¥925,,
111-123090-11,ファーストタイムトレーナーTOEICテストSB,教材,"¥2,772",,
,説明文を開く,,"¥3,326",,
,改訂:2020/01,,,,
111-123091-11,サクセスフルキーTOEICテストゴール500,教材,"¥2,376",,
,説明文を開く,,"¥2,851",,
,改訂:2020/01,,,,
111-123092-11,サクセスフルキーTOEICテストゴール600,教材,"¥2,376",,
,説明文を開く,,"¥2,851",,
,改訂:2020/01,,,,
111-123093-11,はじめてのTOEIC　L&Rテスト本番模試,教材,"¥1,848",,
,説明文を開く,,"¥2,218",,
,改訂:2020/01,,,,
111-123097-11,Q:R&W　1　2/E　SB,教材,"¥3,696",,
,説明文を開く,,"¥4,435",,
,改訂:2020/01,,,,
231-123098-11,Q:R&W　1　2/E　ClassCD,教材,"¥3,696",,
,説明文を開く,,"¥6,600",,
,改訂:2020/01,,,,
999-000501-11,BO英検　5級　生徒教材セット（ペンあり）,教材,"¥14,427",,
,改訂:2023/03,,"¥16,030",,
999-000002-11,BO英検　5級　生徒教材セット(ＳＤのみ）,教材,"¥11,493",,
,改訂:2019/12,,"¥12,770",,
999-000507-11,BO英検　4級　生徒教材セット（ペンあり）,教材,"¥14,427",,
,改訂:2023/03,,"¥16,030",,
999-000008-11,BO英検　4級　生徒教材セット(ＳＤのみ）,教材,"¥11,493",,
,改訂:2019/12,,"¥12,770",,
999-000613-11,BO英検　3級　生徒教材セット（ペンあり）,教材,"¥14,427",,
,改訂:2024/03,,"¥16,030",,
999-000626-11,BO英検　3級　生徒教材セット(ＳＤのみ）,教材,"¥11,493",,
,改訂:2024/03,,"¥12,770",,
999-000504-11,BO英検　5級直前対策　生徒教材セット（ペンあり）,教材,"¥7,839",,
,改訂:2023/03,,"¥8,710",,
999-000005-11,BO英検　5級直前対策　生徒教材セット（ＳＤのみ）,教材,"¥4,869",,
,改訂:2020/01,,"¥5,410",,
999-000510-11,BO英検　4級直前対策　生徒教材セット（ペンあり）,教材,"¥7,839",,
,改訂:2023/03,,"¥8,710",,
999-000011-11,BO英検　4級直前対策　生徒教材セット（ＳＤのみ）,教材,"¥4,869",,
,改訂:2020/01,,"¥5,410",,
999-000616-11,BO英検　3級直前対策　生徒教材セット（ペンあり）,教材,"¥7,839",,
,改訂:2024/03,,"¥8,710",,
999-000617-11,BO英検　3級直前対策　生徒教材セット（ＳＤのみ）,教材,"¥4,869",,
,改訂:2024/03,,"¥5,410",,
999-000619-11,BO英検　準2級直前対策　生徒教材セット（ペンあり）,教材,"¥8,460",,
,改訂:2024/03,,"¥9,400",,
999-000620-11,BO英検　準2級直前対策　生徒教材セット（ＳＤのみ）,教材,"¥5,490",,
,改訂:2024/03,,"¥6,100",,
999-000632-11,BO英検　2級直前対策　生徒教材セット（ペンあり）,教材,"¥8,460",,
,改訂:2024/03,,"¥9,400",,
999-000633-11,BO英検　2級直前対策　生徒教材セット（ＳＤのみ）,教材,"¥5,490",,
,改訂:2024/03,,"¥6,100",,
999-000003-11,BO＜校舎用＞　英検　5級　生徒教材セット,教材,"¥8,523",,
,改訂:2020/01,,,,
999-000006-11,BO＜校舎用＞　英検　5級直前対策　生徒教材セット,教材,"¥1,899",,
,改訂:2020/01,,,,
999-000009-11,BO＜校舎用＞　英検　4級　生徒教材セット,教材,"¥8,523",,
,改訂:2019/12,,,,
999-000012-11,BO＜校舎用＞　英検　4級直前対策　生徒教材セット,教材,"¥1,899",,
,改訂:2019/12,,,,
999-000027-11,BO＜校舎用＞　英検　3級　生徒教材セット,教材,"¥8,523",,
,改訂:2020/01,,,,
999-000018-11,BO＜校舎用＞　英検　3級直前対策　生徒教材セット,教材,"¥1,899",,
,改訂:2020/01,,,,
999-000021-11,BO＜校舎用＞　英検　準2級直前対策　生徒教材セット,教材,"¥2,520",,
,改訂:2020/01,,,,
999-000034-11,BO＜校舎用＞　英検　2級直前対策　生徒教材セット,教材,"¥2,520",,
,改訂:2022/02,,,,
111-124589-11,漢字ガイダンス　小4　改訂新版　XR,教材,¥770,,
,説明文を開く,,"¥1,078",,
,改訂:2020/02,,,,
111-124595-11,公立中高一貫校対策問題集　文系F　XR,教材,"¥1,914",,
,説明文を開く,,"¥2,297",,
,改訂:2020/01,,,,
111-124596-11,公立中高一貫校対策問題集　理系F　XR,教材,"¥1,914",,
,説明文を開く,,"¥2,297",,
,改訂:2020/01,,,,
111-124597-11,公立中高一貫校対策問題集　文系S　XR,教材,"¥1,914",,
,説明文を開く,,"¥2,297",,
,改訂:2020/01,,,,
111-124598-11,公立中高一貫校対策問題集　理系S　XR,教材,"¥1,914",,
,説明文を開く,,"¥2,297",,
,改訂:2020/01,,,,
111-124705-11,春期　公立中高一貫校対策　文系F　XR,教材,¥704,,
,説明文を開く,,¥986,,
,改訂:2020/01,,,,
111-124706-11,春期　公立中高一貫校対策　理系F　XR,教材,¥704,,
,説明文を開く,,¥986,,
,改訂:2020/01,,,,
111-124707-11,春期　公立中高一貫校対策　文系S　XR,教材,¥704,,
,説明文を開く,,¥986,,
,改訂:2020/01,,,,
111-124708-11,春期　公立中高一貫校対策　理系S　XR,教材,¥704,,
,説明文を開く,,¥986,,
,改訂:2020/01,,,,
111-124924-11,夏期　公立中高一貫校対策　文系F　XR,教材,¥968,,
,説明文を開く,,"¥1,355",,
,改訂:2020/01,,,,
111-124925-11,夏期　公立中高一貫校対策　理系F　XR,教材,¥968,,
,説明文を開く,,"¥1,355",,
,改訂:2020/01,,,,
111-124926-11,夏期　公立中高一貫校対策　文系S　XR,教材,¥968,,
,説明文を開く,,"¥1,355",,
,改訂:2019/12,,,,
111-124927-11,夏期　公立中高一貫校対策　理系S　XR,教材,¥968,,
,説明文を開く,,"¥1,355",,
,改訂:2019/12,,,,
111-125506-11,パターン別　最頻出古典マスター【国語】XR,教材,¥616,,
,説明文を開く,,¥862,,
,改訂:2020/02,,,,
111-125507-11,パターン別　差がつく問題マスター【数学】XR,教材,¥616,,
,説明文を開く,,¥862,,
,改訂:2020/02,,,,
111-125508-11,パターン別　最頻出文法マスター【英語】XR,教材,¥616,,
,説明文を開く,,¥862,,
,改訂:2019/01,,,,
111-125509-11,パターン別　最頻出問題マスター【理科】XR,教材,¥616,,
,説明文を開く,,¥862,,
,改訂:2019/01,,,,
111-125510-11,パターン別　最頻出記述マスター【社会】XR,教材,¥616,,
,説明文を開く,,¥862,,
,改訂:2019/01,,,,
111-125597-11,公立中高一貫校対策　文系F　冬期講習用　XR,教材,¥704,,
,説明文を開く,,"¥1,056",,
,改訂:2020/01,,,,
111-125598-11,公立中高一貫校対策　文系S　冬期講習用　XR,教材,¥704,,
,説明文を開く,,"¥1,056",,
,改訂:2020/02,,,,
111-125599-11,公立中高一貫校対策　理系F　冬期講習用　XR,教材,¥704,,
,説明文を開く,,"¥1,056",,
,改訂:2020/02,,,,
111-125600-11,公立中高一貫校対策　理系S　冬期講習用　XR,教材,¥704,,
,説明文を開く,,"¥1,056",,
,改訂:2020/03,,,,
111-125787-11,漢字ガイダンス　小5　改訂新版　ＸＲ　【取り寄せ】,教材,¥770,,
,説明文を開く,,"¥1,078",,
,改訂:2020/10,,,,
111-125926-11,GTEC　総合対策ガイドブック　ＸＲ　【取り寄せ】,教材,"¥2,495",,
,改訂:2020/10,,"¥2,994",,
111-127944-11,春期　ジュニア新演習　小2　国語　XT,教材,¥770,,
,説明文を開く,,"¥1,078",,
,改訂:2021/02,,,,
111-127946-11,春期　ジュニア新演習　小3　国語　XT,教材,¥770,,
,説明文を開く,,"¥1,078",,
,改訂:2021/02,,,,
111-127947-11,春期　ジュニア新演習　小3　算数　XT,教材,¥770,,
,説明文を開く,,"¥1,078",,
,改訂:2021/02,,,,
111-127948-11,春期　標準新演習　小4　国語　XT,教材,¥682,,
,説明文を開く,,¥955,,
,改訂:2021/02,,,,
111-127949-11,春期　標準新演習　小4　算数　XT,教材,¥682,,
,説明文を開く,,¥955,,
,改訂:2021/02,,,,
111-127950-11,春期　標準新演習　小5　国語　XT,教材,¥682,,
,説明文を開く,,¥955,,
,改訂:2021/02,,,,
111-127951-11,春期　標準新演習　小5　算数　XT,教材,¥682,,
,説明文を開く,,¥955,,
,改訂:2021/02,,,,
111-127952-11,春期　標準新演習　小5　英語　XT,教材,¥682,,
,説明文を開く,,¥955,,
,改訂:2021/02,,,,
111-127953-11,春期　標準新演習　小6　国語　XT,教材,¥682,,
,説明文を開く,,¥955,,
,改訂:2021/02,,,,
111-127954-11,春期　標準新演習　小6　算数　XT,教材,¥682,,
,説明文を開く,,¥955,,
,改訂:2021/02,,,,
111-127955-11,春期　標準新演習　小6　英語　XT,教材,¥682,,
,説明文を開く,,¥955,,
,改訂:2021/02,,,,
111-127513-11,標準新演習　小３　国語　ＸＴ,教材,"¥1,430",,
,説明文を開く,,"¥1,716",,
,改訂:2021/02,,,,
111-127514-11,標準新演習　小４　国語　ＸＴ,教材,"¥1,430",,
,説明文を開く,,"¥1,716",,
,改訂:2021/02,,,,
111-127515-11,標準新演習　小５　国語　ＸＴ,教材,"¥1,430",,
,説明文を開く,,"¥1,716",,
,改訂:2021/02,,,,
111-127516-11,標準新演習　小６　国語　ＸＴ,教材,"¥1,430",,
,説明文を開く,,"¥1,716",,
,改訂:2021/02,,,,
111-127517-11,標準新演習　小３　算数　ＸＴ,教材,"¥1,430",,
,説明文を開く,,"¥1,716",,
,改訂:2021/02,,,,
111-127518-11,標準新演習　小４　算数　ＸＴ,教材,"¥1,430",,
,説明文を開く,,"¥1,716",,
,改訂:2021/02,,,,
111-127519-11,標準新演習　小５　算数　ＸＴ,教材,"¥1,430",,
,説明文を開く,,"¥1,716",,
,改訂:2021/02,,,,
111-127520-11,標準新演習　小６　算数　ＸＴ,教材,"¥1,430",,
,説明文を開く,,"¥1,716",,
,改訂:2021/02,,,,
111-127521-11,標準新演習　小５　理科　ＸＴ,教材,"¥1,584",,
,説明文を開く,,"¥1,901",,
,改訂:2021/02,,,,
111-127522-11,標準新演習　小６　理科　ＸＴ,教材,"¥1,584",,
,説明文を開く,,"¥1,901",,
,改訂:2021/02,,,,
111-127525-11,標準新演習　小５　英語　ＸＴ,教材,"¥1,738",,
,説明文を開く,,"¥2,086",,
,改訂:2021/02,,,,
111-127526-11,標準新演習　小６　英語　ＸＴ,教材,"¥1,738",,
,説明文を開く,,"¥2,086",,
,改訂:2021/02,,,,
111-127686-11,ジュニア新演習　国語　小２上　ＸＴ,教材,"¥1,826",,
,説明文を開く,,"¥2,191",,
,改訂:2021/02,,,,
111-127687-11,ジュニア新演習　算数　小２上　ＸＴ,教材,"¥1,826",,
,説明文を開く,,"¥2,191",,
,改訂:2021/02,,,,
111-127688-11,ジュニア新演習　国語　小３上　ＸＴ,教材,"¥1,826",,
,説明文を開く,,"¥2,191",,
,改訂:2021/02,,,,
111-127689-11,ジュニア新演習　算数　小３上　ＸＴ,教材,"¥1,826",,
,説明文を開く,,"¥2,191",,
,改訂:2021/02,,,,
111-127690-11,ジュニアトレーニング　漢字　小２上　ＸＴ,教材,"¥1,056",,
,説明文を開く,,"¥1,478",,
,改訂:2021/02,,,,
111-127691-11,ジュニアトレーニング　計算　小２上　ＸＴ,教材,"¥1,056",,
,説明文を開く,,"¥1,478",,
,改訂:2021/02,,,,
111-127692-11,ジュニアトレーニング　漢字　小３上　ＸＴ,教材,"¥1,056",,
,説明文を開く,,"¥1,478",,
,改訂:2021/02,,,,
111-127693-11,ジュニアトレーニング　計算　小３上　ＸＴ,教材,"¥1,056",,
,説明文を開く,,"¥1,478",,
,改訂:2021/02,,,,
111-127694-11,ジュニア新演習　国語　小２下　ＸＴ,教材,"¥1,826",,
,改訂:2021/02,,"¥2,191",,
111-127695-11,ジュニア新演習　算数　小２下　ＸＴ,教材,"¥1,826",,
,改訂:2021/02,,"¥2,191",,
111-127696-11,ジュニア新演習　国語　小３下　ＸＴ,教材,"¥1,826",,
,改訂:2021/02,,"¥2,191",,
111-127697-11,ジュニア新演習　算数　小３下　ＸＴ,教材,"¥1,826",,
,改訂:2021/02,,"¥2,191",,
111-127698-11,ジュニアトレーニング　漢字　小２下　ＸＴ,教材,"¥1,056",,
,改訂:2021/02,,"¥1,478",,
111-127699-11,ジュニアトレーニング　計算　小２下　ＸＴ,教材,"¥1,056",,
,改訂:2021/02,,"¥1,478",,
111-127700-11,ジュニアトレーニング　漢字　小３下　ＸＴ,教材,"¥1,056",,
,改訂:2021/02,,"¥1,478",,
111-127701-11,ジュニアトレーニング　計算　小３下　ＸＴ,教材,"¥1,056",,
,改訂:2021/02,,"¥1,478",,
111-127702-11,毎日の計算トレーニング　小４　ＸＴ,教材,"¥1,166",,
,説明文を開く,,"¥1,399",,
,改訂:2021/02,,,,
111-127703-11,毎日の計算トレーニング　小５　ＸＴ,教材,"¥1,166",,
,説明文を開く,,"¥1,399",,
,改訂:2021/02,,,,
111-127704-11,毎日の計算トレーニング　小６　ＸＴ,教材,"¥1,166",,
,説明文を開く,,"¥1,399",,
,改訂:2021/02,,,,
111-127705-11,算数トレーニング小３　ＸＴ,教材,¥880,,
,説明文を開く,,"¥1,232",,
,改訂:2021/02,,,,
111-127706-11,算数トレーニング小４　ＸＴ,教材,¥880,,
,説明文を開く,,"¥1,232",,
,改訂:2021/02,,,,
111-127707-11,算数トレーニング小５　ＸＴ,教材,¥880,,
,説明文を開く,,"¥1,232",,
,改訂:2021/02,,,,
111-127708-11,算数トレーニング小６　ＸＴ,教材,¥880,,
,説明文を開く,,"¥1,232",,
,改訂:2021/02,,,,
111-127709-11,漢字ガイダンス　小３　ＸＴ　【取り寄せ】,教材,¥770,,
,説明文を開く,,"¥1,078",,
,改訂:2021/02,,,,
111-127727-11,漢字ガイダンス　小６　ＸＴ　【取り寄せ】,教材,¥770,,
,説明文を開く,,"¥1,078",,
,改訂:2021/02,,,,
111-127733-11,中学国文法　ＸＴ,教材,"¥1,012",,
,説明文を開く,,"¥1,417",,
,改訂:2021/02,,,,
111-127718-11,i-kids ENGLISH BOOK1 単語　ＸＴ　【取り寄せ】,教材,"¥1,186",,
,説明文を開く,,"¥1,423",,
,改訂:2021/02,,,,
111-127719-11,i-kids ENGLISH BOOK1 文法　ＸＴ　【取り寄せ】,教材,"¥1,186",,
,説明文を開く,,"¥1,423",,
,改訂:2021/02,,,,
111-127720-11,i-kids ENGLISH BOOK1 会話　ＸＴ　【取り寄せ】,教材,"¥1,186",,
,説明文を開く,,"¥1,423",,
,改訂:2021/02,,,,
111-127721-11,i-kids ENGLISH BOOK2 単語　ＸＴ　【取り寄せ】,教材,"¥1,186",,
,説明文を開く,,"¥1,423",,
,改訂:2021/02,,,,
111-127722-11,i-kids ENGLISH BOOK2 文法　ＸＴ　【取り寄せ】,教材,"¥1,186",,
,説明文を開く,,"¥1,423",,
,改訂:2021/02,,,,
111-127723-11,i-kids ENGLISH BOOK2 会話　ＸＴ　【取り寄せ】,教材,"¥1,186",,
,説明文を開く,,"¥1,423",,
,改訂:2021/02,,,,
111-127962-11,文章の読解スキルが身につく　ベーシック,教材,"¥1,012",,
,説明文を開く,,"¥1,417",,
,改訂:2021/02,,,,
111-127963-11,文章の読解スキルが身につく　アドバンス,教材,"¥1,012",,
,説明文を開く,,"¥1,417",,
,改訂:2021/02,,,,
111-128305-11,夏期　ジュニア新演習　小2　国語　XT,教材,¥770,,
,改訂:2021/02,,"¥1,078",,
111-128306-11,夏期　ジュニア新演習　小2　算数　XT,教材,¥770,,
,改訂:2021/02,,"¥1,078",,
111-128307-11,夏期　ジュニア新演習　小3　国語　XT,教材,¥770,,
,改訂:2021/02,,"¥1,078",,
111-128308-11,夏期　ジュニア新演習　小3　算数　XT,教材,¥770,,
,改訂:2021/02,,"¥1,078",,
111-128309-11,夏期　標準新演習　小3　国語　XT,教材,¥770,,
,改訂:2021/02,,"¥1,078",,
111-128310-11,夏期　標準新演習　小3　算数　XT,教材,¥770,,
,改訂:2021/02,,"¥1,078",,
111-128311-11,夏期　標準新演習　小4　国語　XT,教材,¥770,,
,改訂:2021/02,,"¥1,078",,
111-128312-11,夏期　標準新演習　小4　算数　XT,教材,¥770,,
,改訂:2021/02,,"¥1,078",,
111-128313-11,夏期　標準新演習　小5　国語　XT,教材,¥770,,
,改訂:2021/02,,"¥1,078",,
111-128314-11,夏期　標準新演習　小5　算数　XT,教材,¥770,,
,改訂:2021/02,,"¥1,078",,
111-128315-11,夏期　標準新演習　小6　国語　XT,教材,¥770,,
,改訂:2021/02,,"¥1,078",,
111-128316-11,夏期　標準新演習　小6　算数　XT,教材,¥770,,
,改訂:2021/02,,"¥1,078",,
111-128317-11,夏期　標準新演習　小6　理科　XT,教材,¥770,,
,改訂:2021/02,,"¥1,078",,
111-128326-11,夏期　標準新演習　小5　英語　XT,教材,¥770,,
,改訂:2021/02,,"¥1,078",,
111-128327-11,夏期　標準新演習　小6　英語　XT,教材,¥770,,
,改訂:2021/02,,"¥1,078",,
111-129098-11,冬期　ジュニア新演習　小2　国語　XT,教材,¥770,,
,説明文を開く,,"¥1,078",,
,改訂:2020/10,,,,
111-129099-11,冬期　ジュニア新演習　小2　算数　XT,教材,¥770,,
,説明文を開く,,"¥1,078",,
,改訂:2020/10,,,,
111-129100-11,冬期　標準新演習　小3　国語　XT,教材,¥682,,
,説明文を開く,,¥955,,
,改訂:2020/10,,,,
111-129101-11,冬期　標準新演習　小3　算数　XT,教材,¥682,,
,説明文を開く,,¥955,,
,改訂:2020/10,,,,
111-129102-11,冬期　標準新演習　小4　国語　XT,教材,¥682,,
,説明文を開く,,¥955,,
,改訂:2020/10,,,,
111-129103-11,冬期　標準新演習　小4　算数　XT,教材,¥682,,
,説明文を開く,,¥955,,
,改訂:2020/10,,,,
111-129104-11,冬期　標準新演習　小5　国語　XT,教材,¥682,,
,説明文を開く,,¥955,,
,改訂:2020/10,,,,
111-129105-11,冬期　標準新演習　小5　算数　XT,教材,¥682,,
,説明文を開く,,¥955,,
,改訂:2020/10,,,,
111-129106-11,冬期　標準新演習　小5　英語,教材,¥682,,
,説明文を開く,,¥955,,
111-129107-11,冬期　標準新演習　小6　国語,教材,¥682,,
,説明文を開く,,¥955,,
,改訂:2020/10,,,,
111-129108-11,冬期　標準新演習　小6　算数　XT,教材,¥682,,
,説明文を開く,,¥955,,
,改訂:2020/10,,,,
111-129109-11,冬期　標準新演習　小6　英語　XT,教材,¥682,,
,説明文を開く,,¥955,,
111-129110-11,冬期　標準新演習　小6　理科　XT,教材,¥682,,
,説明文を開く,,¥955,,
,改訂:2020/10,,,,
111-129111-11,冬期　標準新演習　小6　社会　XT,教材,¥682,,
,説明文を開く,,¥955,,
,改訂:2020/10,,,,
111-130213-11,春期　発展新演習　中２　国語　XU,教材,¥880,,
,改訂:2021/02,,"¥1,232",,
111-130214-11,春期　発展新演習　中２　数学　XU,教材,¥880,,
,改訂:2021/02,,"¥1,232",,
111-130216-11,春期　発展新演習　中３　国語　XU,教材,¥880,,
,改訂:2021/02,,"¥1,232",,
111-130217-11,春期　発展新演習　中３　数学　XU,教材,¥880,,
,改訂:2021/02,,"¥1,232",,
111-130219-11,春期　中学受験新演習　小４国語　XU,教材,¥792,,
,改訂:2021/02,,"¥1,109",,
111-130220-11,春期　中学受験新演習　小４算数　XU,教材,¥792,,
,改訂:2021/02,,"¥1,109",,
111-130221-11,春期　中学受験新演習　小４理科　XU,教材,¥792,,
,改訂:2021/02,,"¥1,109",,
111-129968-11,中学受験新演習　小４上　国語,教材,"¥2,860",,
,説明文を開く,,"¥3,432",,
,改訂:2021/02,,,,
111-129969-11,中学受験新演習　小４上　算数,教材,"¥2,860",,
,説明文を開く,,"¥3,432",,
,改訂:2021/02,,,,
111-129970-11,中学受験新演習　小４上　理科,教材,"¥2,860",,
,説明文を開く,,"¥3,432",,
,改訂:2021/02,,,,
111-129972-11,中学受験新演習　漢字日記　小４上,教材,"¥1,078",,
,説明文を開く,,"¥1,509",,
,改訂:2021/02,,,,
111-129973-11,中学受験新演習　計算日記　小４上,教材,"¥1,078",,
,説明文を開く,,"¥1,509",,
,改訂:2021/02,,,,
111-129997-11,毎日の計算トレーニング Book１,教材,"¥1,298",,
,説明文を開く,,"¥1,558",,
,改訂:2021/02,,,,
111-129998-11,毎日の計算トレーニング Book２,教材,"¥1,298",,
,説明文を開く,,"¥1,558",,
,改訂:2021/02,,,,
111-129999-11,毎日の計算トレーニング Book３,教材,"¥1,298",,
,説明文を開く,,"¥1,558",,
,改訂:2021/02,,,,
111-130114-11,キーワードマスター　理科,教材,¥924,,
,説明文を開く,,"¥1,294",,
,改訂:2021/02,,,,
111-130115-11,キーワードマスター　社会,教材,¥924,,
,説明文を開く,,"¥1,294",,
,改訂:2021/02,,,,
111-130121-11,ゲットスルー2600,教材,"¥1,144",,
,改訂:2021/02,,"¥1,373",,
111-130534-11,夏期　発展新演習　中1　国語　XU,教材,¥946,,
,説明文を開く,,"¥1,324",,
,改訂:2021/06,,,,
111-130535-11,夏期　発展新演習　中1　数学　XU,教材,¥946,,
,説明文を開く,,"¥1,324",,
,改訂:2021/06,,,,
111-130537-11,夏期　発展新演習　中2　国語　XU,教材,¥946,,
,説明文を開く,,"¥1,324",,
,改訂:2021/06,,,,
111-130538-11,夏期　発展新演習　中2　数学　XU,教材,¥946,,
,説明文を開く,,"¥1,324",,
,改訂:2021/06,,,,
111-130540-11,夏期　発展新演習　中3　国語　XU,教材,¥946,,
,説明文を開く,,"¥1,324",,
,改訂:2021/06,,,,
111-130541-11,夏期　発展新演習　中3　数学　XU,教材,¥946,,
,説明文を開く,,"¥1,324",,
,改訂:2021/06,,,,
111-130543-11,夏期　中学受験新演習　小4　国語　XU,教材,¥990,,
,説明文を開く,,"¥1,386",,
,改訂:2021/06,,,,
111-130544-11,夏期　中学受験新演習　小4　算数　XU,教材,¥990,,
,説明文を開く,,"¥1,386",,
,改訂:2021/06,,,,
111-130545-11,夏期　中学受験新演習　小4　理科　XU,教材,¥990,,
,説明文を開く,,"¥1,386",,
,改訂:2021/06,,,,
111-130548-11,夏のコレだけ！　中1　国語,教材,¥528,,
,説明文を開く,,¥739,,
111-130549-11,夏のコレだけ！　中1　数学,教材,¥528,,
,説明文を開く,,¥739,,
111-130550-11,夏のコレだけ！　中1　英語,教材,¥528,,
,説明文を開く,,¥739,,
111-130551-11,夏のコレだけ！　中1　理科,教材,¥528,,
,説明文を開く,,¥739,,
111-130552-11,夏のコレだけ！　中1　社会,教材,¥528,,
,説明文を開く,,¥739,,
111-130553-11,夏のコレだけ！　中2　国語,教材,¥528,,
,説明文を開く,,¥739,,
111-130554-11,夏のコレだけ！　中2　数学,教材,¥528,,
,説明文を開く,,¥739,,
111-130555-11,夏のコレだけ！　中2　英語,教材,¥528,,
,説明文を開く,,¥739,,
111-130556-11,夏のコレだけ！　中2　理科,教材,¥528,,
,説明文を開く,,¥739,,
111-130557-11,夏のコレだけ！　中2　社会,教材,¥528,,
,説明文を開く,,¥739,,
111-130558-11,夏のココから！　中3　国語,教材,¥748,,
,説明文を開く,,"¥1,047",,
111-130559-11,夏のココから！　中3　数学,教材,¥748,,
,説明文を開く,,"¥1,047",,
111-130560-11,夏のココから！　中3　英語,教材,¥748,,
,説明文を開く,,"¥1,047",,
111-130561-11,夏のココから！　中3　理科,教材,¥748,,
,説明文を開く,,"¥1,047",,
111-130116-11,高校入試必須事項の完成　国語　XU,教材,"¥1,100",,
,説明文を開く,,"¥1,320",,
,改訂:2021/06,,,,
111-130117-11,高校入試必須事項の完成　数学　XU,教材,"¥1,100",,
,説明文を開く,,"¥1,320",,
,改訂:2021/06,,,,
111-130118-11,高校入試必須事項の完成　英語　XU,教材,"¥1,100",,
,説明文を開く,,"¥1,320",,
,改訂:2021/06,,,,
111-130120-11,高校入試必須事項の完成　社会　XU,教材,"¥1,100",,
,説明文を開く,,"¥1,320",,
,改訂:2021/06,,,,
111-130563-11,中学受験新演習　小4　国語　下　XU,教材,"¥2,860",,
,説明文を開く,,"¥3,432",,
,改訂:2021/06,,,,
111-130564-11,中学受験新演習　小4　算数　下　XU,教材,"¥2,860",,
,説明文を開く,,"¥3,432",,
,改訂:2021/06,,,,
111-130565-11,中学受験新演習　小4　理科　下　XU,教材,"¥2,860",,
,説明文を開く,,"¥3,432",,
,改訂:2021/06,,,,
111-130568-11,中学受験　漢字日記　小4　下　XU,教材,"¥1,078",,
,説明文を開く,,"¥1,509",,
,改訂:2021/06,,,,
111-130569-11,中学受験　計算日記　小4　下　XU,教材,"¥1,078",,
,説明文を開く,,"¥1,509",,
,改訂:2021/06,,,,
111-130675-11,プログレス21　R　BOOK1　XU,教材,"¥1,320",,
,,,"¥1,320",,
111-130676-11,プログレス21　R　BOOK2　XU,教材,"¥1,320",,
,,,"¥1,320",,
111-130677-11,プログレス21　R　BOOK3　XU,教材,"¥1,320",,
,,,"¥1,320",,
111-130678-11,プログレス21　R　BOOK4　XU,教材,"¥1,430",,
,,,"¥1,430",,
111-130679-11,プログレス21　R　BOOK5　XU,教材,"¥1,430",,
,,,"¥1,430",,
111-130680-11,プログレス21　R　BOOK1　ワークブック　XU,教材,¥726,,
,,,¥726,,
111-130681-11,プログレス21　R　BOOK2　ワークブック　XU,教材,¥726,,
,,,¥726,,
111-130682-11,プログレス21　R　BOOK3　ワークブック　XU,教材,¥726,,
,,,¥726,,
111-130683-11,プログレス21　R　BOOK4　ワークブック　XU,教材,¥814,,
,,,¥814,,
111-130684-11,プログレス21　R　BOOK5　ワークブック　XU,教材,¥814,,
,,,¥814,,
111-130842-11,数学的論理思考力が身につく　Book1,教材,"¥1,012",,
,説明文を開く,,"¥1,417",,
111-130843-11,数学的論理思考力が身につく　Book2,教材,"¥1,012",,
,説明文を開く,,"¥1,417",,
111-130844-11,数学的論理思考力が身につく　Book3,教材,"¥1,012",,
,説明文を開く,,"¥1,417",,
111-130845-11,数学的論理思考力が身につく　Book4,教材,"¥1,012",,
,説明文を開く,,"¥1,417",,
111-131227-11,冬期　発展新演習　中１　国語　ＸＵ,教材,¥946,,
,説明文を開く,,"¥1,324",,
,改訂:2021/11,,,,
111-131228-11,冬期　発展新演習　中１　数学　ＸＵ,教材,¥946,,
,説明文を開く,,"¥1,324",,
,改訂:2021/11,,,,
111-131230-11,冬期　発展新演習　中２　国語　ＸＵ,教材,¥946,,
,説明文を開く,,"¥1,324",,
,改訂:2021/11,,,,
111-131231-11,冬期　発展新演習　中２　数学　ＸＵ,教材,¥946,,
,説明文を開く,,"¥1,324",,
,改訂:2021/11,,,,
111-131233-11,冬期　発展新演習　中３　国語　ＸＵ,教材,¥946,,
,説明文を開く,,"¥1,324",,
,改訂:2021/11,,,,
111-131234-11,冬期　発展新演習　中３　数学　ＸＵ,教材,¥946,,
,説明文を開く,,"¥1,324",,
,改訂:2021/11,,,,
111-131236-11,冬期　中学受験新演習　小４　国語　ＸＵ,教材,¥990,,
,説明文を開く,,"¥1,386",,
,改訂:2021/11,,,,
111-131237-11,冬期　中学受験新演習　小４　算数　ＸＵ,教材,¥990,,
,説明文を開く,,"¥1,386",,
,改訂:2021/11,,,,
111-131238-11,冬期　中学受験新演習　小４　理科　ＸＵ,教材,¥990,,
,説明文を開く,,"¥1,386",,
,改訂:2021/11,,,,
111-131241-11,冬の“コレだけ！”　中１　国語,教材,¥528,,
,説明文を開く,,¥739,,
111-131242-11,冬の“コレだけ！”　中１　数学,教材,¥528,,
,説明文を開く,,¥739,,
111-131243-11,冬の“コレだけ！”　中１　英語,教材,¥528,,
,説明文を開く,,¥739,,
111-131244-11,冬の“コレだけ！”　中１　理科,教材,¥528,,
,説明文を開く,,¥739,,
111-131245-11,冬の“コレだけ！”　中１　社会,教材,¥528,,
,説明文を開く,,¥739,,
111-131246-11,冬の“コレだけ！”　中２　国語,教材,¥528,,
,説明文を開く,,¥739,,
111-131247-11,冬の“コレだけ！”　中２　数学,教材,¥528,,
,説明文を開く,,¥739,,
111-131248-11,冬の“コレだけ！”　中２　英語,教材,¥528,,
,説明文を開く,,¥739,,
111-131249-11,冬の“コレだけ！”　中２　理科,教材,¥528,,
,説明文を開く,,¥739,,
111-131250-11,冬の“コレだけ！”　中２　社会,教材,¥528,,
,説明文を開く,,¥739,,
111-131268-11,高校入試用　一問一答問題集　漢字　ＸＵ,教材,¥713,,
,説明文を開く,,"¥1,056",,
,改訂:2021/11,,,,
111-131275-11,１・２年の入試　総確認　数学　ＸＵ,教材,¥650,,
,改訂:2021/11,,¥909,,
111-131276-11,１・２年の入試　総確認　英語　ＸＵ,教材,¥650,,
,改訂:2021/11,,¥909,,
111-131277-11,１・２年の入試　総確認　国語　ＸＵ,教材,¥650,,
,改訂:2021/11,,¥909,,
111-131278-11,１・２年の入試　総復習　数学　ＸＵ,教材,¥692,,
,改訂:2021/11,,¥968,,
111-131279-11,１・２年の入試　総復習　英語　ＸＵ,教材,¥692,,
,改訂:2021/11,,¥968,,
111-131280-11,即効！記述ワーク　社会　ＸＵ,教材,¥661,,
,改訂:2021/11,,¥925,,
111-131292-11,１・２年の入試　総復習　社会　ＸＵ,教材,¥692,,
,改訂:2021/11,,¥968,,
111-131297-11,基礎完ターゲット　理科　ＸＵ,教材,"¥1,226",,
,改訂:2021/11,,"¥1,472",,
111-131298-11,基礎完ターゲット　社会　ＸＵ,教材,"¥1,226",,
,改訂:2021/11,,"¥1,472",,
111-131301-11,１・２年の入試　総確認　社会　ＸＵ,教材,¥650,,
,改訂:2021/11,,¥909,,
111-131302-11,１・２年の入試　総確認　理科　ＸＵ,教材,¥650,,
,改訂:2021/11,,¥909,,
111-131303-11,１・２年の入試　総復習　理科　ＸＵ,教材,¥692,,
,改訂:2021/11,,¥968,,
111-131304-11,１・２年の入試　総復習　国語　ＸＵ,教材,¥692,,
,改訂:2021/11,,¥968,,
111-131210-11,冬期　プレップ・ジュニア・ハイ　小６　算数,教材,¥792,,
,改訂:2021/11,,"¥1,109",,
111-131211-11,冬期　プレップ・ジュニア・ハイ　小６　国語,教材,¥792,,
,改訂:2021/11,,"¥1,109",,
111-131390-11,冬期　プレップ・ジュニア・ハイ　小６　英語,教材,¥792,,
,改訂:2021/11,,"¥1,109",,
111-131959-11,英検パスコース　4級　【取り寄せ】,教材,"¥1,201",,
,,,"¥1,529",,
111-131960-11,英検パスコース　5級　【取り寄せ】,教材,"¥1,201",,
,,,"¥1,529",,
111-131742-11,数学Ⅰ　コンプリート　２１改訂版,教材,"¥1,451",,
,改訂:2022/02,,"¥1,718",,
111-131743-11,数学Ａ　コンプリート　２１改訂版,教材,"¥1,451",,
,改訂:2022/02,,"¥1,718",,
111-131744-11,高校リード問題集　英文法Ａ　ＸＶ,教材,"¥1,320",,
,説明文を開く,,"¥1,436",,
,改訂:2022/02,,,,
111-131745-11,高校リード問題集　英文法Ｂ　ＸＶ,教材,"¥1,320",,
,説明文を開く,,"¥1,436",,
,改訂:2022/02,,,,
111-131746-11,高校リード問題集　英語Ⅰ　ＸＶ,教材,"¥1,320",,
,説明文を開く,,"¥1,436",,
,改訂:2022/02,,,,
111-131747-11,高校リード問題集　英語Ⅱ　ＸＶ,教材,"¥1,320",,
,説明文を開く,,"¥1,436",,
,改訂:2022/02,,,,
111-131748-11,高校リード問題集　数学Ｉ　ＸＶ,教材,"¥1,253",,
,説明文を開く,,"¥1,368",,
,改訂:2022/02,,,,
111-131749-11,高校リード問題集　数学Ａ　ＸＶ,教材,"¥1,253",,
,説明文を開く,,"¥1,368",,
,改訂:2022/02,,,,
111-131703-11,春期　中学受験新演習　小５　国語　ＸＶ,教材,¥902,,
,説明文を開く,,"¥1,263",,
,改訂:2022/02,,,,
111-131704-11,春期　中学受験新演習　小５　算数　ＸＶ,教材,¥902,,
,説明文を開く,,"¥1,263",,
,改訂:2022/02,,,,
111-131705-11,春期　中学受験新演習　小５　理科　ＸＶ,教材,¥902,,
,説明文を開く,,"¥1,263",,
,改訂:2022/02,,,,
111-131707-11,高校新演習　高校入門　国語　高１　ＸＶ　春講用,教材,¥858,,
,説明文を開く,,"¥1,201",,
,改訂:2022/02,,,,
111-131709-11,高校新演習　高校入門　英語　高１　ＸＶ　春講用,教材,¥858,,
,説明文を開く,,"¥1,201",,
,改訂:2022/02,,,,
111-131710-11,中学受験新演習　小５　国語　上　ＸＶ,教材,"¥3,080",,
,説明文を開く,,"¥3,590",,
,改訂:2022/02,,,,
111-131711-11,中学受験新演習　小５　算数　上　ＸＶ,教材,"¥3,080",,
,説明文を開く,,"¥3,590",,
,改訂:2022/02,,,,
111-131712-11,中学受験新演習　小５　理科　上　ＸＶ,教材,"¥3,080",,
,説明文を開く,,"¥3,590",,
,改訂:2022/02,,,,
111-131714-11,中学受験実力アップ問題集　小５　国語上　ＸＶ,教材,"¥2,574",,
,説明文を開く,,"¥2,957",,
,改訂:2022/02,,,,
111-131715-11,中学受験実力アップ問題集　小５　算数上　ＸＶ,教材,"¥2,574",,
,説明文を開く,,"¥2,957",,
,改訂:2022/02,,,,
111-131716-11,中学受験実力アップ問題集　小５　理科上　ＸＶ,教材,"¥2,574",,
,説明文を開く,,"¥2,957",,
,改訂:2022/02,,,,
111-131718-11,高校新演習スタンダード　現代文Ⅰ　ＸＶ,教材,"¥1,650",,
,説明文を開く,,"¥1,980",,
,改訂:2022/02,,,,
111-131719-11,高校新演習スタンダード　古典Ⅰ　ＸＶ,教材,"¥1,760",,
,説明文を開く,,"¥2,112",,
,改訂:2022/02,,,,
111-131720-11,高校新演習スタンダード　数学Ⅰ　ＸＶ,教材,"¥1,760",,
,説明文を開く,,"¥2,112",,
,改訂:2022/02,,,,
111-131721-11,高校新演習スタンダード　数学Ａ　ＸＶ,教材,"¥1,650",,
,説明文を開く,,"¥1,980",,
,改訂:2022/02,,,,
111-131722-11,高校新演習スタンダード　英語Ⅰ　ＸＶ,教材,"¥1,760",,
,説明文を開く,,"¥2,112",,
,改訂:2022/02,,,,
111-131723-11,高校新演習スタンダード　英語Ⅱ　ＸＶ,教材,"¥1,760",,
,説明文を開く,,"¥2,112",,
,改訂:2022/02,,,,
111-131724-11,高校新演習スタンダード　物理基礎　ＸＶ,教材,"¥1,760",,
,説明文を開く,,"¥2,112",,
,改訂:2022/02,,,,
111-131725-11,高校新演習スタンダード　化学基礎　ＸＶ,教材,"¥1,760",,
,説明文を開く,,"¥2,112",,
,改訂:2022/02,,,,
111-131726-11,高校新演習スタンダード　生物基礎　ＸＶ,教材,"¥1,760",,
,説明文を開く,,"¥2,112",,
,改訂:2022/02,,,,
111-131727-11,高校新演習プログレス　現代文Ⅰ　ＸＶ,教材,"¥1,760",,
,説明文を開く,,"¥2,112",,
,改訂:2022/02,,,,
111-131728-11,高校新演習プログレス　数学Ⅰ　ＸＶ,教材,"¥1,540",,
,説明文を開く,,"¥1,848",,
,改訂:2022/02,,,,
111-131729-11,高校新演習プログレス　数学Ａ　ＸＶ,教材,"¥1,540",,
,説明文を開く,,"¥1,848",,
,改訂:2022/02,,,,
111-131730-11,高校新演習プログレス　英文法　ＸＶ,教材,"¥1,760",,
,説明文を開く,,"¥2,112",,
,改訂:2022/02,,,,
111-131731-11,高校新演習プログレス　英語長文Ⅰ　ＸＶ,教材,"¥1,650",,
,説明文を開く,,"¥1,980",,
,改訂:2022/02,,,,
111-131732-11,高校新演習ベーシック　現代文　ＸＶ,教材,"¥1,760",,
,説明文を開く,,"¥2,112",,
,改訂:2022/02,,,,
111-131733-11,高校新演習ベーシック　古典　ＸＶ,教材,"¥1,650",,
,説明文を開く,,"¥1,980",,
,改訂:2022/02,,,,
111-131734-11,高校新演習ベーシック　数学Ⅰ　ＸＶ,教材,"¥1,980",,
,説明文を開く,,"¥2,376",,
,改訂:2022/02,,,,
111-131735-11,高校新演習ベーシック　数学Ａ　ＸＶ,教材,"¥1,650",,
,説明文を開く,,"¥1,980",,
,改訂:2022/02,,,,
111-131736-11,高校新演習ベーシック　英文法　ＸＶ,教材,"¥1,980",,
,説明文を開く,,"¥2,376",,
,改訂:2022/02,,,,
111-131737-11,高校新演習ベーシック　英語長文　ＸＶ,教材,"¥1,540",,
,説明文を開く,,"¥1,848",,
,改訂:2022/02,,,,
111-131738-11,高校入試対策　リスニング　ＸＶ,教材,"¥1,012",,
,説明文を開く,,"¥1,324",,
,改訂:2022/02,,,,
111-131739-11,中学受験　漢字日記　小５上　ＸＶ,教材,"¥1,166",,
,説明文を開く,,"¥1,509",,
,改訂:2022/02,,,,
111-131740-11,中学受験　計算日記　小５上　ＸＶ,教材,"¥1,166",,
,説明文を開く,,"¥1,509",,
,改訂:2022/02,,,,
111-131741-11,大学受験　英単語　ゲットスルー３０００　ＸＶ,教材,"¥1,716",,
,説明文を開く,,"¥1,980",,
,改訂:2022/02,,,,
111-131782-11,フォレスタ　高校準備講座（英・数）　ＸＶ,教材,"¥1,263",,
,説明文を開く,,"¥1,572",,
,改訂:2022/02,,,,
111-131783-11,フォレスタ　英単語　ＸＶ,教材,"¥1,263",,
,説明文を開く,,"¥1,572",,
,改訂:2022/02,,,,
111-131787-11,フォレスタステップ　国語,教材,"¥2,116",,
,説明文を開く,,"¥2,619",,
,改訂:2022/02,,,,
111-131839-11,ＢＵＩＬＤＥＲ　受験版　英語　ＸＶ,教材,"¥1,338",,
,改訂:2022/02,,"¥1,606",,
111-131840-11,ＢＵＩＬＤＥＲ　受験版　英語　リスニングＣＤ　ＸＶ,教材,"¥1,580",,
,改訂:2022/02,,"¥1,896",,
111-131841-11,ＢＵＩＬＤＥＲ　受験版　数学　ＸＶ,教材,"¥1,338",,
,改訂:2022/02,,"¥1,606",,
111-131842-11,ＢＵＩＬＤＥＲ　受験版　国語　ＸＶ,教材,"¥1,338",,
,改訂:2022/02,,"¥1,606",,
111-131843-11,ＢＵＩＬＤＥＲ　受験版　理科　ＸＶ,教材,"¥1,338",,
,改訂:2022/02,,"¥1,606",,
111-131844-11,ＢＵＩＬＤＥＲ　受験版　社会　ＸＶ,教材,"¥1,338",,
,改訂:2022/02,,"¥1,606",,
231-131845-11,ＢＵＩＬＤＥＲ　受験版　英語　指導書　ＸＶ,教材,"¥1,805",,
,改訂:2022/02,,,,
231-131846-11,ＢＵＩＬＤＥＲ　受験版　数学　指導書　ＸＶ,教材,"¥1,805",,
,改訂:2022/02,,,,
231-131847-11,ＢＵＩＬＤＥＲ　受験版　国語　指導書　ＸＶ,教材,"¥1,805",,
,改訂:2022/02,,,,
231-131848-11,ＢＵＩＬＤＥＲ　受験版　理科　指導書　ＸＶ,教材,"¥1,805",,
,改訂:2022/02,,,,
231-131849-11,ＢＵＩＬＤＥＲ　受験版　社会　指導書　ＸＶ,教材,"¥1,805",,
,改訂:2022/02,,,,
111-131850-11,４ＳＴＥＰ　数学Ⅰ＋Ａ　新課程　ＸＶ,教材,"¥1,012",,
,改訂:2022/02,,"¥1,417",,
111-131851-11,クリアー　数学Ⅰ＋Ａ　新課程　ＸＶ,教材,"¥1,012",,
,改訂:2022/02,,"¥1,417",,
111-131852-11,３ＴＲＩＡＬ　数学Ⅰ＋Ａ　新課程　ＸＶ,教材,¥998,,
,改訂:2022/02,,"¥1,397",,
111-131853-11,高校新演習スタンダード　歴史総合,教材,"¥1,650",,
,説明文を開く,,"¥1,980",,
,改訂:2022/02,,,,
111-132218-11,高校教科書サポートPlus　CⅠ-701　All Aboard!,教材,"¥2,957",,
,改訂:2022/05,,"¥3,548",,
111-132219-11,高校教科書サポートPlus　CⅠ-702　Power On,教材,"¥2,957",,
,改訂:2022/05,,"¥3,548",,
111-132220-11,高校教科書サポートPlus　CⅠ-703　ENRICH LEARNING,教材,"¥2,957",,
,改訂:2022/05,,"¥3,548",,
111-132221-11,高校教科書サポートPlus　CⅠ-704　Amity English,教材,"¥2,957",,
,改訂:2022/05,,"¥3,548",,
111-132222-11,高校教科書サポートPlus　CⅠ-705　APPLAUSE,教材,"¥2,957",,
,改訂:2022/05,,"¥3,548",,
111-132223-11,高校教科書サポートPlus　CⅠ-706 Ambition,教材,"¥2,957",,
,改訂:2022/05,,"¥3,548",,
111-132224-11,高校教科書サポートPlus　CⅠ-707　CROWN,教材,"¥2,957",,
,改訂:2022/05,,"¥3,548",,
111-132225-11,高校教科書サポートPlus　CⅠ-708　MY WAY,教材,"¥2,957",,
,改訂:2022/05,,"¥3,548",,
111-132226-11,高校教科書サポートPlus　CⅠ-709　VISTA　,教材,"¥2,957",,
,改訂:2022/05,,"¥3,548",,
111-132227-11,高校教科書サポートPlus　CⅠ-710　Crossroads,教材,"¥2,957",,
,改訂:2022/05,,"¥3,548",,
111-132228-11,高校教科書サポートPlus　CⅠ-711　PANORAMA,教材,"¥2,957",,
,改訂:2022/05,,"¥3,548",,
111-132229-11,高校教科書サポートPlus　CⅠ-712　ELEMENT,教材,"¥2,957",,
,改訂:2022/05,,"¥3,548",,
111-132230-11,高校教科書サポートPlus　CⅠ-713　LANDMARK,教材,"¥2,957",,
,改訂:2022/05,,"¥3,548",,
111-132231-11,高校教科書サポートPlus　CⅠ-714　LANDMARK Fit,教材,"¥2,957",,
,改訂:2022/05,,"¥3,548",,
111-132232-11,高校教科書サポートPlus　CⅠ-715　BLUE MARBLE,教材,"¥2,957",,
,改訂:2022/05,,"¥3,548",,
111-132233-11,高校教科書サポートPlus　CⅠ-716　BIG　DIPPER　,教材,"¥2,957",,
,改訂:2022/05,,"¥3,548",,
111-132234-11,高校教科書サポートPlus　CⅠ-717　COMET　,教材,"¥2,957",,
,改訂:2022/05,,"¥3,548",,
111-132235-11,高校教科書サポートPlus　CⅠ-719　Grove　,教材,"¥2,957",,
,改訂:2022/05,,"¥3,548",,
111-132236-11,高校教科書サポートPlus　CⅠ-720　FLEX,教材,"¥2,957",,
,改訂:2022/05,,"¥3,548",,
111-132237-11,高校教科書サポートPlus　CⅠ-721　Creative,教材,"¥2,957",,
,改訂:2022/05,,"¥3,548",,
111-132238-11,高校教科書サポートPlus　CⅠ-722　Vivid,教材,"¥2,957",,
,改訂:2022/05,,"¥3,548",,
111-132239-11,高校教科書サポートPlus　CⅠ-723　Heartning,教材,"¥2,957",,
,改訂:2022/05,,"¥3,548",,
111-132280-11,夏期　中学受験新演習　小５　国語　ＸＶ,教材,"¥1,408",,
,説明文を開く,,"¥1,690",,
,改訂:2022/07,,,,
111-132281-11,夏期　中学受験新演習　小５　算数　ＸＶ,教材,"¥1,408",,
,説明文を開く,,"¥1,690",,
,改訂:2022/07,,,,
111-132282-11,夏期　中学受験新演習　小５　理科　ＸＶ,教材,"¥1,298",,
,説明文を開く,,"¥1,558",,
,改訂:2022/07,,,,
111-132284-11,高校新演習フォーカス　現代文１　読解法,教材,¥902,,
,説明文を開く,,"¥1,263",,
,改訂:2022/07,,,,
111-132285-11,高校新演習フォーカス　古文１　文法習得,教材,¥902,,
,説明文を開く,,"¥1,263",,
,改訂:2022/07,,,,
111-132286-11,高校新演習フォーカス　現代文　資料問題,教材,¥902,,
,説明文を開く,,"¥1,263",,
,改訂:2022/07,,,,
111-132287-11,高校新演習フォーカス　数と式・集合と命題,教材,¥748,,
,説明文を開く,,"¥1,047",,
,改訂:2022/07,,,,
111-132288-11,高校新演習フォーカス　場合の数と確率,教材,¥748,,
,説明文を開く,,"¥1,047",,
,改訂:2022/07,,,,
111-132289-11,高校新演習フォーカス　英文法　１　文構造・時制・助動詞・準動詞,教材,¥902,,
,説明文を開く,,"¥1,263",,
,改訂:2022/07,,,,
111-132290-11,高校新演習フォーカス　英語長文１　日常生活,教材,¥748,,
,説明文を開く,,"¥1,047",,
,改訂:2022/07,,,,
111-132291-11,高校新演習フォーカス　英文法　２　関係詞・受動態・比較・仮定法,教材,¥902,,
,説明文を開く,,"¥1,263",,
,改訂:2022/07,,,,
111-132292-11,高校新演習フォーカス　英語長文２　文化編,教材,¥748,,
,説明文を開く,,"¥1,047",,
,改訂:2022/07,,,,
111-132293-11,中学受験新演習　小５　国語　下　ＸＶ,教材,"¥3,080",,
,説明文を開く,,"¥3,590",,
,改訂:2022/07,,,,
111-132294-11,中学受験新演習　小５　算数　下　ＸＶ,教材,"¥3,080",,
,説明文を開く,,"¥3,590",,
,改訂:2022/07,,,,
111-132295-11,中学受験新演習　小５　理科　下　ＸＶ,教材,"¥3,080",,
,説明文を開く,,"¥3,590",,
,改訂:2022/07,,,,
111-132296-11,中学受験新演習　小５　社会　下　ＸＶ,教材,"¥3,080",,
,説明文を開く,,"¥3,590",,
,改訂:2022/07,,,,
111-132297-11,中学受験実力アップ問題集　小５　国語下　ＸＶ,教材,"¥2,574",,
,説明文を開く,,"¥2,957",,
,改訂:2022/07,,,,
111-132298-11,中学受験実力アップ問題集　小５　算数下　ＸＶ,教材,"¥2,574",,
,説明文を開く,,"¥2,957",,
,改訂:2022/07,,,,
111-132301-11,中学受験　漢字日記　小５下　ＸＶ,教材,"¥1,166",,
,説明文を開く,,"¥1,294",,
,改訂:2022/07,,,,
111-132302-11,中学受験　計算日記　小５下　ＸＶ,教材,"¥1,166",,
,説明文を開く,,"¥1,294",,
,改訂:2022/07,,,,
111-132308-11,高校入試対策　スパートプラス１０　英語　ＸＶ,教材,"¥1,401",,
,説明文を開く,,"¥1,682",,
111-132309-11,高校入試対策　スパートプラス１０　数学　ＸＶ,教材,"¥1,401",,
,説明文を開く,,"¥1,682",,
111-132311-11,高校入試対策　スパートプラス１０　理科　ＸＶ,教材,"¥1,401",,
,説明文を開く,,"¥1,682",,
111-132312-11,高校入試対策　スパートプラス１０　社会　ＸＶ,教材,"¥1,401",,
,説明文を開く,,"¥1,682",,
111-132327-11,高校入試必須事項の完成　理科　XV,教材,"¥1,100",,
,説明文を開く,,"¥1,320",,
,改訂:2022/06,,,,
231-132370-11,ベストワン総合型選抜対策講座マニュアル　XV,教材,¥330,1,
,説明文を開く,,¥462,,
,改訂:2022/07,,,,
111-132371-11,ベストワン総合型選抜自己チェックシート　XV,教材,¥330,1,
,説明文を開く,,¥462,,
,改訂:2022/07,,,,
111-132389-11,東京都立高校入試　英語スピーキング対策Ｂｏｏｋ,教材,¥924,1,
,説明文を開く,,"¥1,294",,
,改訂:2022/07,,,,
111-132618-11,高校受験対策　入試直前５回　国語　XV　【取り寄せ】,教材,¥770,1,
,説明文を開く,,"¥1,078",,
,改訂:2022/08,,,,
111-132619-11,高校受験対策　入試直前５回　数学　XV　【取り寄せ】,教材,¥770,1,
,説明文を開く,,"¥1,078",,
,改訂:2022/08,,,,
111-132620-11,高校受験対策　入試直前５回　英語　XV　【取り寄せ】,教材,¥770,1,
,説明文を開く,,"¥1,078",,
,改訂:2022/08,,,,
111-132622-11,高校受験対策　入試直前５回　理科　XV　【取り寄せ】,教材,¥770,1,
,説明文を開く,,"¥1,078",,
,改訂:2022/08,,,,
111-132623-11,高校受験対策　入試直前５回　社会　XV　【取り寄せ】,教材,¥770,1,
,説明文を開く,,"¥1,078",,
,改訂:2022/08,,,,
111-132621-11,高校受験対策　入試直前５回　CD　XV　【取り寄せ】,教材,¥858,1,
,説明文を開く,,"¥1,201",,
,改訂:2022/08,,,,
111-132625-11,埼玉　入試直前予想演習　５回　学校英語　ＸＶ,教材,¥924,1,
,説明文を開く,,"¥1,294",,
,改訂:2022/10,,,,
111-132627-11,埼玉　入試直前予想演習　５回　学力検査英語　ＸＶ,教材,¥704,1,
,説明文を開く,,¥986,,
,改訂:2022/10,,,,
111-132628-11,埼玉　入試直前予想演習　５回　学力英語ＣＤ　ＸＶ,教材,¥616,1,
,説明文を開く,,¥862,,
,改訂:2022/10,,,,
111-132629-11,埼玉　入試直前予想演習　５回　英語ＣＤ共通　ＸＶ,教材,¥616,1,
,説明文を開く,,¥862,,
,改訂:2022/10,,,,
111-132634-11,東京　入試直前予想演習　５回　数学　ＸＶ,教材,¥704,1,
,説明文を開く,,¥986,,
,改訂:2022/10,,,,
111-132637-11,神奈川　入試直前予想演習　５回　数学　ＸＶ,教材,¥704,1,
,説明文を開く,,¥986,,
,改訂:2022/10,,,,
111-132638-11,神奈川　入試直前予想演習　５回　英語　ＸＶ,教材,¥704,1,
,説明文を開く,,¥986,,
,改訂:2022/10,,,,
111-132639-11,神奈川　入試直前予想演習　５回　英語ＣＤ　ＸＶ,教材,¥616,1,
,説明文を開く,,¥862,,
,改訂:2022/10,,,,
111-132640-11,神奈川　入試直前予想演習　５回　理科　ＸＶ,教材,¥704,1,
,説明文を開く,,¥986,,
,改訂:2022/10,,,,
111-132881-11,高校新演習スタンダード　数学Ⅱ　XV,教材,"¥2,090",1,
,説明文を開く,,"¥2,508",,
,改訂:2022/10,,,,
111-132940-11,冬期　中学受験新演習　小５　国語　ＸＶ,教材,"¥1,298",1,
,説明文を開く,,"¥1,558",,
,改訂:2022/10,,,,
111-132941-11,冬期　中学受験新演習　小５　算数　ＸＶ,教材,"¥1,298",1,
,説明文を開く,,"¥1,558",,
,改訂:2022/10,,,,
111-132942-11,冬期　中学受験新演習　小５　理科　ＸＶ,教材,"¥1,298",1,
,説明文を開く,,"¥1,558",,
,改訂:2022/10,,,,
111-132943-11,冬期　中学受験新演習　小５　社会　ＸＶ,教材,"¥1,298",1,
,説明文を開く,,"¥1,558",,
,改訂:2022/10,,,,
111-132944-11,高校新演習フォーカス　英語長文３　自然科学編,教材,¥748,1,
,説明文を開く,,"¥1,047",,
,改訂:2022/10,,,,
111-132945-11,高校新演習フォーカス　英語長文４　社会編,教材,¥748,1,
,説明文を開く,,"¥1,047",,
,改訂:2022/10,,,,
111-132946-11,高校新演習フォーカス　２次関数,教材,¥748,1,
,説明文を開く,,"¥1,047",,
,改訂:2022/10,,,,
111-132947-11,高校新演習フォーカス　図形と計量（三角比）,教材,¥748,1,
,説明文を開く,,"¥1,047",,
,改訂:2022/10,,,,
111-132948-11,大阪府　入試トレーニング　英語　XV　【取り寄せ】,教材,"¥1,058",1,
,説明文を開く,,"¥1,482",,
,改訂:2022/10,,,,
111-132949-11,大阪府　入試トレーニング　数学　XV　【取り寄せ】,教材,"¥1,058",1,
,説明文を開く,,"¥1,482",,
,改訂:2022/10,,,,
111-132950-11,大阪府　入試トレーニング　国語　XV　【取り寄せ】,教材,"¥1,058",1,
,説明文を開く,,"¥1,482",,
,改訂:2022/10,,,,
111-132951-11,大阪府　入試トレーニング　理科　XV　【取り寄せ】,教材,"¥1,058",1,
,説明文を開く,,"¥1,482",,
,改訂:2022/10,,,,
111-132952-11,大阪府　入試トレーニング　社会　XV　【取り寄せ】,教材,"¥1,058",1,
,説明文を開く,,"¥1,482",,
,改訂:2022/10,,,,
111-137526-11,高校新演習スタンダード　現代文Ⅱ　XW,教材,"¥1,650",1,
,説明文を開く,,"¥1,980",,
,改訂:2022/12,,,,
111-137527-11,高校新演習スタンダード　古典Ⅱ　XW,教材,"¥1,760",1,
,説明文を開く,,"¥2,112",,
,改訂:2022/12,,,,
111-137528-11,高校新演習スタンダード　数学Ｂ　XW,教材,"¥1,650",1,
,説明文を開く,,"¥1,980",,
,改訂:2022/12,,,,
111-137529-11,高校新演習スタンダード　数学Ｃ　XW,教材,"¥1,760",1,
,説明文を開く,,"¥2,112",,
,改訂:2022/12,,,,
111-137530-11,高校新演習スタンダード　英語構文　XW,教材,"¥1,650",1,
,説明文を開く,,"¥1,980",,
,改訂:2023/01,,,,
111-137531-11,高校新演習スタンダード　英語長文　XW,教材,"¥1,650",1,
,説明文を開く,,"¥1,980",,
,改訂:2023/01,,,,
111-137532-11,高校新演習スタンダード　物理　ＸW,教材,"¥2,090",1,
,説明文を開く,,"¥2,508",,
,改訂:2023/02,,,,
111-137533-11,高校新演習スタンダード　化学　ＸW,教材,"¥2,090",1,
,説明文を開く,,"¥2,508",,
,改訂:2023/02,,,,
111-137534-11,高校新演習スタンダード　生物　ＸW,教材,"¥2,090",1,
,説明文を開く,,"¥2,508",,
,改訂:2023/01,,,,
111-137535-11,高校新演習スタンダード　日本史探究　上　ＸW,教材,"¥1,760",1,
,説明文を開く,,"¥2,112",,
,改訂:2023/01,,,,
111-137536-11,高校新演習スタンダード　日本史探究　下　ＸW,教材,"¥1,760",1,
,説明文を開く,,"¥2,112",,
,改訂:2023/01,,,,
111-137537-11,高校新演習スタンダード　世界史探究　上　ＸW,教材,"¥1,760",1,
,説明文を開く,,"¥2,112",,
,改訂:2023/01,,,,
111-137538-11,高校新演習スタンダード　世界史探究　下　ＸW,教材,"¥1,760",1,
,説明文を開く,,"¥2,112",,
,改訂:2023/01,,,,
111-137539-11,高校新演習プログレス　現代文Ⅱ　XW,教材,"¥1,760",1,
,説明文を開く,,"¥2,112",,
,改訂:2022/12,,,,
111-137540-11,高校新演習プログレス　数学Ⅱ　XW,教材,"¥1,650",1,
,説明文を開く,,"¥1,980",,
,改訂:2022/09,,,,
111-137541-11,高校新演習プログレス　数学Ｂ　XW,教材,"¥1,540",1,
,説明文を開く,,"¥1,848",,
,改訂:2023/01,,,,
111-137542-11,高校新演習プログレス　数学Ｃ　XW,教材,"¥1,540",1,
,説明文を開く,,"¥1,848",,
,改訂:2023/01,,,,
111-137543-11,高校新演習プログレス　数学Ⅲ　XW,教材,"¥2,530",1,
,説明文を開く,,"¥3,036",,
,改訂:2023/01,,,,
111-137544-11,高校新演習プログレス　英語構文　XW,教材,"¥1,650",1,
,説明文を開く,,"¥1,980",,
,改訂:2023/01,,,,
111-137545-11,高校新演習プログレス　英語長文Ⅱ　XW,教材,"¥1,540",1,
,説明文を開く,,"¥1,848",,
,改訂:2022/09,,,,
111-137546-11,高校新演習ベーシック　数学Ⅱ XW,教材,"¥2,090",1,
,説明文を開く,,"¥2,508",,
,改訂:2023/01,,,,
111-137547-11,高校新演習ベーシック　数学B・C XW,教材,"¥1,650",1,
,説明文を開く,,"¥1,980",,
,改訂:2022/12,,,,
111-137549-11,中学受験新演習　小6　国語 上　XW,教材,"¥3,080",1,
,説明文を開く,,"¥3,696",,
,改訂:2022/12,,,,
111-137550-11,中学受験新演習　小6　算数 上　XW,教材,"¥3,080",1,
,説明文を開く,,"¥3,696",,
,改訂:2022/12,,,,
111-137551-11,中学受験新演習　小6　理科 上　XW,教材,"¥3,080",1,
,説明文を開く,,"¥3,696",,
,改訂:2022/12,,,,
111-137553-11,中学受験実力アップ問題集　小6　国語 上　XW,教材,"¥2,574",1,
,説明文を開く,,"¥3,089",,
,改訂:2022/12,,,,
111-137554-11,中学受験実力アップ問題集　小6　算数 上　XW,教材,"¥2,574",1,
,説明文を開く,,"¥3,089",,
,改訂:2022/12,,,,
111-137555-11,中学受験実力アップ問題集　小6　理科 上　XW,教材,"¥2,574",1,
,説明文を開く,,"¥3,089",,
,改訂:2022/12,,,,
111-137561-11,中学受験　漢字日記　小6　上　XW,教材,"¥1,166",1,
,説明文を開く,,"¥1,399",,
,改訂:2022/12,,,,
111-137562-11,中学受験　計算日記　小6　上　XW,教材,"¥1,166",1,
,説明文を開く,,"¥1,399",,
,改訂:2023/01,,,,
111-137567-11,春期 中学受験新演習　小6　社会　XW,教材,¥946,1,
,説明文を開く,,"¥1,324",,
,改訂:2023/02,,,,
111-137614-11,フォレスタ　数学Ⅱ　XW,教材,"¥2,218",1,
,説明文を開く,,"¥2,661",,
,改訂:2023/02,,,,
111-137615-11,フォレスタ　数学B　XW,教材,"¥2,218",1,
,説明文を開く,,"¥2,661",,
,改訂:2023/02,,,,
111-137616-11,フォレスタゴール　中3　英語　XW,教材,"¥2,218",1,
,説明文を開く,,"¥2,661",,
,改訂:2023/02,,,,
111-137617-11,フォレスタゴール　中3　数学　XW,教材,"¥2,218",1,
,説明文を開く,,"¥2,661",,
,改訂:2023/02,,,,
111-137618-11,フォレスタゴール　中3　理科　XW,教材,"¥2,218",1,
,説明文を開く,,"¥2,661",,
,改訂:2023/02,,,,
111-137619-11,フォレスタゴール　中3　社会　XW,教材,"¥2,218",1,
,説明文を開く,,"¥2,661",,
,改訂:2023/02,,,,
111-137620-11,フォレスタゴール　中3　国語　XW,教材,"¥2,218",1,
,説明文を開く,,"¥2,661",,
,改訂:2023/02,,,,
111-137621-11,フォレスタ　英語構文　XW,教材,"¥2,218",1,
,説明文を開く,,"¥2,661",,
,改訂:2023/02,,,,
111-137622-11,フォレスタ　英文法　XW,教材,"¥2,218",1,
,説明文を開く,,"¥2,661",,
,改訂:2023/02,,,,
111-137623-11,フォレスタ　数学Ⅰ　XW,教材,"¥2,218",1,
,説明文を開く,,"¥2,661",,
,改訂:2023/02,,,,
111-137624-11,フォレスタ　数学A　XW,教材,"¥2,218",1,
,説明文を開く,,"¥2,661",,
,改訂:2023/02,,,,
111-137625-11,フォレスタ　物理基礎,教材,"¥2,218",1,
,説明文を開く,,"¥2,661",,
,改訂:2023/02,,,,
111-137626-11,フォレスタ　化学基礎,教材,"¥2,218",1,
,説明文を開く,,"¥2,661",,
,改訂:2023/02,,,,
111-137627-11,フォレスタ　生物基礎,教材,"¥2,218",1,
,説明文を開く,,"¥2,661",,
,改訂:2023/01,,,,
111-137640-11,新小学問題集　中学入試編　算数ステージⅠ　XW,教材,"¥1,562",1,
,説明文を開く,,"¥1,875",,
,改訂:2022/10,,,,
111-137641-11,新小学問題集　中学入試編　算数ステージⅡ　XW,教材,"¥1,669",1,
,説明文を開く,,"¥2,003",,
,改訂:2022/10,,,,
111-137642-11,新小学問題集　中学入試編　算数ステージⅢ　XW,教材,"¥1,669",1,
,説明文を開く,,"¥2,003",,
,改訂:2022/10,,,,
111-137643-11,新小学問題集　中学入試編　国語　ステージ1　XW,教材,"¥1,562",1,
,説明文を開く,,"¥1,875",,
,改訂:2022/10,,,,
111-137644-11,新小学問題集　中学入試編　国語　ステージ2　XW,教材,"¥1,669",1,
,説明文を開く,,"¥2,003",,
,改訂:2022/10,,,,
111-137645-11,新小学問題集　中学入試編　国語　ステージ3　XW,教材,"¥1,669",1,
,説明文を開く,,"¥2,003",,
,改訂:2022/10,,,,
111-137646-11,新小学問題集　中学入試の攻略　算数　XW,教材,"¥1,991",1,
,説明文を開く,,"¥2,389",,
,改訂:2022/10,,,,
111-137647-11,新小学問題集　中学入試編　理科　ステージ2　XW,教材,"¥1,718",1,
,説明文を開く,,"¥2,062",,
,改訂:2022/10,,,,
111-137648-11,新小学問題集　中学入試編　理科　ステージ3　XW,教材,"¥1,718",1,
,説明文を開く,,"¥2,062",,
,改訂:2022/10,,,,
111-137649-11,新小学問題集　中学入試編　社会　ステージ2　XW,教材,"¥1,718",1,
,説明文を開く,,"¥2,062",,
,改訂:2022/10,,,,
111-137650-11,新小学問題集　中学入試編　社会　ステージ3　XW,教材,"¥1,718",1,
,説明文を開く,,"¥2,062",,
,改訂:2023/01,,,,
111-137651-11,高校リード問題集 英語構文A　,教材,"¥1,196",1,
,説明文を開く,,"¥1,435",,
,改訂:2023/01,,,,
111-137652-11,高校リード問題集 英語構文B　,教材,"¥1,196",1,
,説明文を開く,,"¥1,435",,
,改訂:2023/02,,,,
111-137653-11,高校リード問題集 数学Ⅱ　XW,教材,"¥1,320",1,
,説明文を開く,,"¥1,584",,
,改訂:2023/02,,,,
111-137654-11,高校リード問題集 数学B＋C　XW,教材,"¥1,320",1,
,説明文を開く,,"¥1,584",,
,改訂:2023/02,,,,
111-137655-11,高校リード問題集 数学C　XW,教材,¥876,1,
,説明文を開く,,"¥1,227",,
,改訂:2022/12,,,,
111-137661-11,数学Ⅱ　コンプリート　XW,教材,"¥1,442",1,
,改訂:2022/12,,"¥1,731",,
111-137662-11,数学B　コンプリート　XW　,教材,"¥1,339",1,
,改訂:2023/02,,"¥1,607",,
111-137809-11,神奈川　入試トレーニング　高校入試対策　理科,教材,¥986,1,
,説明文を開く,,"¥1,380",,
,改訂:2022/12,,,,
111-137810-11,神奈川　入試トレーニング　高校入試対策　社会,教材,¥986,1,
,説明文を開く,,"¥1,380",,
,改訂:2022/12,,,,
111-137922-11,クリアー　数学Ⅱ＋B　XW,教材,"¥1,165",1,
,改訂:2023/01,,"¥1,389",,
111-137734-11,新小学問題集　中学入試編　理科　ステージ1　XW,教材,"¥1,669",1,
,説明文を開く,,"¥2,003",,
,改訂:2022/10,,,,
111-137735-11,新小学問題集　中学入試編　社会　ステージ1　XW,教材,"¥1,669",1,
,説明文を開く,,"¥2,003",,
,改訂:2022/10,,,,
111-139094-11,高校教科書サポートＰｌｕｓ　ＣⅡ　７０１,教材,"¥2,957",1,
,改訂:2023/02,,"¥3,548",,
111-139095-11,高校教科書サポートＰｌｕｓ　ＣⅡ　７０２,教材,"¥2,957",1,
,改訂:2023/02,,"¥3,548",,
111-139096-11,高校教科書サポートＰｌｕｓ　ＣⅡ　７０３,教材,"¥2,957",1,
,改訂:2023/02,,"¥3,548",,
111-139097-11,高校教科書サポートＰｌｕｓ　ＣⅡ　７０４,教材,"¥2,957",1,
,改訂:2023/02,,"¥3,548",,
111-139098-11,高校教科書サポートＰｌｕｓ　ＣⅡ　７０５,教材,"¥2,957",1,
,改訂:2023/02,,"¥3,548",,
111-139099-11,高校教科書サポートＰｌｕｓ　ＣⅡ　７０６,教材,"¥2,957",1,
,改訂:2023/02,,"¥3,548",,
111-139100-11,高校教科書サポートＰｌｕｓ　ＣⅡ　７０７,教材,"¥2,957",1,
,改訂:2023/02,,"¥3,548",,
111-139101-11,高校教科書サポートＰｌｕｓ　ＣⅡ　７０８,教材,"¥2,957",1,
,改訂:2023/02,,"¥3,548",,
111-139102-11,高校教科書サポートＰｌｕｓ　ＣⅡ　７０９,教材,"¥2,957",1,
,改訂:2023/02,,"¥3,548",,
111-139103-11,高校教科書サポートＰｌｕｓ　ＣⅡ　７１０,教材,"¥2,957",1,
,改訂:2023/02,,"¥3,548",,
111-139104-11,高校教科書サポートＰｌｕｓ　ＣⅡ　７１１,教材,"¥2,957",1,
,改訂:2023/02,,"¥3,548",,
111-139105-11,高校教科書サポートＰｌｕｓ　ＣⅡ　７１２,教材,"¥2,957",1,
,改訂:2023/02,,"¥3,548",,
111-139106-11,高校教科書サポートＰｌｕｓ　ＣⅡ　７１３,教材,"¥2,957",1,
,改訂:2023/02,,"¥3,548",,
111-139107-11,高校教科書サポートＰｌｕｓ　ＣⅡ　７１４,教材,"¥2,957",1,
,改訂:2023/02,,"¥3,548",,
111-139108-11,高校教科書サポートＰｌｕｓ　ＣⅡ　７１５,教材,"¥2,957",1,
,改訂:2023/02,,"¥3,548",,
111-139109-11,高校教科書サポートＰｌｕｓ　ＣⅡ　７１６,教材,"¥2,957",1,
,改訂:2023/02,,"¥3,548",,
111-139110-11,高校教科書サポートＰｌｕｓ　ＣⅡ　７１７,教材,"¥2,957",1,
,改訂:2023/02,,"¥3,548",,
111-139111-11,高校教科書サポートＰｌｕｓ　ＣⅡ　７１８,教材,"¥2,957",1,
,改訂:2023/02,,"¥3,548",,
111-139112-11,高校教科書サポートＰｌｕｓ　ＣⅡ　７１９,教材,"¥2,957",1,
,改訂:2023/02,,"¥3,548",,
111-139113-11,高校教科書サポートＰｌｕｓ　ＣⅡ　７２０,教材,"¥2,957",1,
,改訂:2023/02,,"¥3,548",,
111-139114-11,高校教科書サポートＰｌｕｓ　ＣⅡ　７２１,教材,"¥2,957",1,
,改訂:2023/02,,"¥3,548",,
111-139115-11,高校教科書サポートＰｌｕｓ　ＣⅡ　７２２,教材,"¥2,957",1,
,改訂:2023/02,,"¥3,548",,
111-139330-11,夏期　中学受験新演習　小６　国語　ＸＷ,教材,"¥1,408",1,
,説明文を開く,,"¥1,690",,
,改訂:2023/05,,,,
111-139331-11,夏期　中学受験新演習　小６　算数　ＸＷ,教材,"¥1,408",1,
,説明文を開く,,"¥1,690",,
,改訂:2023/05,,,,
111-139332-11,夏期　中学受験新演習　小６　理科　ＸＷ,教材,"¥1,298",1,
,説明文を開く,,"¥1,558",,
,改訂:2023/05,,,,
111-139334-11,高校新演習フォーカス　現代文２　解法と攻略,教材,¥902,1,
,説明文を開く,,"¥1,263",,
,改訂:2023/05,,,,
111-139335-11,高校新演習フォーカス　古文２　分野別演習,教材,¥902,1,
,説明文を開く,,"¥1,263",,
,改訂:2023/05,,,,
111-139336-11,高校新演習フォーカス　漢文　句法完成,教材,¥902,1,
,説明文を開く,,"¥1,263",,
,改訂:2023/05,,,,
111-139337-11,高校新演習フォーカス　図形と方程式,教材,¥748,1,
,説明文を開く,,"¥1,047",,
,改訂:2023/05,,,,
111-139338-11,高校新演習フォーカス　数列,教材,¥748,1,
,説明文を開く,,"¥1,047",,
,改訂:2023/05,,,,
111-139339-11,高校新演習フォーカス　ベクトル,教材,¥748,1,
,説明文を開く,,"¥1,047",,
,改訂:2023/05,,,,
111-139340-11,高校新演習フォーカス　英語構文１,教材,¥902,1,
,説明文を開く,,"¥1,263",,
,改訂:2023/05,,,,
111-139341-11,高校新演習フォーカス　英語構文２,教材,¥902,1,
,説明文を開く,,"¥1,263",,
,改訂:2023/05,,,,
111-139391-11,中学受験新演習　小6　国語　下　XW,教材,"¥3,080",1,
,説明文を開く,,"¥3,696",,
,改訂:2023/06,,,,
111-139392-11,中学受験新演習　小6　算数　下　XW,教材,"¥3,080",1,
,説明文を開く,,"¥3,696",,
,改訂:2023/06,,,,
111-139393-11,中学受験新演習　小6　理科　下　XW,教材,"¥3,080",1,
,説明文を開く,,"¥3,696",,
,改訂:2023/06,,,,
111-139395-11,中学受験　漢字日記　小6　下　XW,教材,"¥1,166",1,
,説明文を開く,,"¥1,399",,
,改訂:2023/06,,,,
111-139396-11,中学受験　計算日記　小6　下　XW,教材,"¥1,166",1,
,説明文を開く,,"¥1,399",,
,改訂:2023/06,,,,
111-139682-11,コンプリート 数学Ⅲ XW,教材,"¥1,443",1,
,改訂:2023/07,,"¥1,731",,
111-139683-11,コンプリート 数学C　 XW,教材,"¥1,340",1,
,改訂:2023/07,,"¥1,608",,
111-139679-11,新小学問題集　中学入試の攻略　国語　XW,教材,"¥1,991",1,
,改訂:2022/10,,"¥2,389",,
111-139680-11,新小学問題集　中学入試の攻略　理科　XW,教材,"¥1,991",1,
,改訂:2022/10,,"¥2,389",,
111-139681-11,新小学問題集　中学入試の攻略　社会　XW,教材,"¥1,991",1,
,改訂:2022/10,,"¥2,389",,
111-140198-11,冬期　中学受験新演習　小６　国語,教材,"¥1,298",1,
,説明文を開く,,"¥1,417",,
,改訂:2023/10,,,,
111-140199-11,冬期　中学受験新演習　小６　算数,教材,"¥1,298",1,
,説明文を開く,,"¥1,417",,
,改訂:2023/10,,,,
111-140200-11,冬期　中学受験新演習　小６　理科,教材,"¥1,298",1,
,説明文を開く,,"¥1,417",,
,改訂:2023/10,,,,
111-140202-11,高校新演習フォーカス　三角関数,教材,¥748,1,
,説明文を開く,,"¥1,047",,
,改訂:2023/10,,,,
111-140203-11,高校新演習フォーカス　微分・積分（数Ⅱ）,教材,¥748,1,
,説明文を開く,,"¥1,047",,
,改訂:2023/10,,,,
111-140205-11,冬期　ジュニア新演習　小３　算数,教材,¥770,1,
,説明文を開く,,"¥1,078",,
,改訂:2023/10,,,,
111-140204-11,冬期　ジュニア新演習　小３　国語,教材,¥770,1,
,説明文を開く,,"¥1,078",,
,改訂:2023/10,,,,
111-140224-11,埼玉　入試直前予想演習５回　国語,教材,¥986,1,
,説明文を開く,,"¥1,380",,
,改訂:2023/10,,,,
111-140226-11,埼玉　入試直前予想演習５回　社会,教材,¥986,1,
,説明文を開く,,"¥1,380",,
,改訂:2023/10,,,,
111-140231-11,東京　入試直前予想演習　５回　国語,教材,¥986,1,
,説明文を開く,,"¥1,380",,
,改訂:2023/10,,,,
111-140232-11,東京　入試直前予想演習　５回　英語,教材,¥986,1,
,説明文を開く,,"¥1,380",,
,改訂:2023/10,,,,
111-140233-11,東京　入試直前予想演習　５回　英語　CD,教材,¥862,1,
,説明文を開く,,"¥1,207",,
,改訂:2023/10,,,,
111-140234-11,神奈川　入試直前予想演習　５回　国語,教材,¥986,1,
,説明文を開く,,"¥1,380",,
,改訂:2023/10,,,,
111-140235-11,神奈川　入試直前予想演習　５回　社会,教材,¥986,1,
,説明文を開く,,"¥1,380",,
,改訂:2023/10,,,,
111-140236-11,大阪　入試直前予想演習　４回　C問題　国語,教材,"¥1,263",1,
,説明文を開く,,"¥1,515",,
,改訂:2023/10,,,,
111-140237-11,大阪　入試直前予想演習　４回　C問題　数学,教材,"¥1,263",1,
,説明文を開く,,"¥1,515",,
,改訂:2023/10,,,,
111-140238-11,大阪　入試直前予想演習　４回　C問題　英語,教材,"¥1,263",1,
,説明文を開く,,"¥1,515",,
,改訂:2023/10,,,,
111-140239-11,大阪　入試直前予想演習　４回　C問題　英CD,教材,¥955,1,
,説明文を開く,,"¥1,337",,
,改訂:2023/10,,,,
111-140240-11,大阪　入試直前予想演習　４回　B問題　国語,教材,"¥1,263",1,
,説明文を開く,,"¥1,515",,
,改訂:2023/10,,,,
111-140241-11,大阪　入試直前予想演習　４回　B問題　数学,教材,"¥1,263",1,
,説明文を開く,,"¥1,515",,
,改訂:2023/10,,,,
111-140242-11,大阪　入試直前予想演習　４回　B問題　英語,教材,"¥1,263",1,
,説明文を開く,,"¥1,515",,
,改訂:2023/10,,,,
111-140243-11,大阪　入試直前予想演習　４回　B問題　英CD,教材,¥955,1,
,説明文を開く,,"¥1,337",,
,改訂:2023/10,,,,
111-140244-11,大阪　入試直前予想演習　４回　理科,教材,"¥1,263",1,
,説明文を開く,,"¥1,515",,
,改訂:2023/10,,,,
111-140245-11,大阪　入試直前予想演習　４回　社会,教材,"¥1,263",1,
,説明文を開く,,"¥1,515",,
,改訂:2023/10,,,,
111-140572-11,アインストーン　国語　XX,教材,"¥1,398",1,
,説明文を開く,,"¥1,678",,
,改訂:2023/12,,,,
111-140573-11,アインストーン　算数　XX,教材,"¥1,398",1,
,説明文を開く,,"¥1,678",,
,改訂:2023/12,,,,
111-140574-11,アインストーン　理科　XX,教材,"¥1,398",1,
,説明文を開く,,"¥1,678",,
,改訂:2023/12,,,,
111-140575-11,アインストーン　社会　XX,教材,"¥1,398",1,
,説明文を開く,,"¥1,678",,
,改訂:2023/12,,,,
111-140576-11,アインストーン　文系Ⅰ　XX,教材,"¥1,398",1,
,説明文を開く,,"¥1,678",,
,改訂:2023/12,,,,
111-140577-11,アインストーン　文系Ⅱ　XX,教材,"¥1,398",1,
,説明文を開く,,"¥1,678",,
,改訂:2023/12,,,,
111-140578-11,アインストーン　理系Ⅰ　XX,教材,"¥1,398",1,
,説明文を開く,,"¥1,678",,
,改訂:2023/12,,,,
111-140579-11,アインストーン　理系Ⅱ　XX,教材,"¥1,398",1,
,説明文を開く,,"¥1,678",,
,改訂:2023/12,,,,
111-140838-11,英検パスコース　２級　ＸＸ　【取り寄せ】,教材,"¥1,294",1,
,改訂:2024/01,,"¥1,552",,
111-140839-11,英検パスコース　準２級　ＸＸ　【取り寄せ】,教材,"¥1,294",1,
,改訂:2024/01,,"¥1,552",,
111-140840-11,英検パスコース　３級　ＸＸ　【取り寄せ】,教材,"¥1,294",1,
,改訂:2024/01,,"¥1,552",,
111-140916-11,春期　中学受験新演習　小５　社会　ＸＸ,教材,¥902,1,
,説明文を開く,,"¥1,263",,
,改訂:2024/02,,,,
111-140917-11,ジュニア新演習　算数　小２　ＸＸ　春講用,教材,¥770,1,
,説明文を開く,,"¥1,078",,
,改訂:2024/02,,,,
111-140918-11,春期　中学受験新演習　小６　国語　ＸＸ,教材,¥946,1,
,説明文を開く,,"¥1,204",,
,改訂:2024/02,,,,
111-140919-11,春期　中学受験新演習　小６　算数　ＸＸ,教材,¥946,1,
,説明文を開く,,"¥1,204",,
,改訂:2024/02,,,,
111-140920-11,春期　中学受験新演習　小６　理科　ＸＸ,教材,¥946,1,
,説明文を開く,,"¥1,204",,
,改訂:2024/02,,,,
111-140921-11,高校新演習　高校入門　数学　高１　ＸＸ　春講用,教材,¥858,1,
,説明文を開く,,"¥1,201",,
,改訂:2024/02,,,,
111-140842-11,ピラミッド　小１　国語　ＸＸ,教材,"¥1,348",1,
,説明文を開く,,"¥1,617",,
,改訂:2024/02,,,,
111-140843-11,ピラミッド　小２　国語　ＸＸ,教材,"¥1,348",1,
,説明文を開く,,"¥1,617",,
,改訂:2024/02,,,,
111-140844-11,ピラミッド　小３　国語　ＸＸ,教材,"¥1,348",1,
,説明文を開く,,"¥1,617",,
,改訂:2024/02,,,,
111-140845-11,ピラミッド　小４　国語　ＸＸ,教材,"¥1,348",1,
,説明文を開く,,"¥1,617",,
,改訂:2024/02,,,,
111-140846-11,ピラミッド　小５　国語　ＸＸ,教材,"¥1,348",1,
,説明文を開く,,"¥1,617",,
,改訂:2024/02,,,,
111-140847-11,ピラミッド　小６　国語　ＸＸ,教材,"¥1,348",1,
,説明文を開く,,"¥1,617",,
,改訂:2024/02,,,,
111-140848-11,ピラミッド　小１　算数　ＸＸ,教材,"¥1,348",1,
,説明文を開く,,"¥1,617",,
,改訂:2024/02,,,,
111-140849-11,ピラミッド　小２　算数　ＸＸ,教材,"¥1,348",1,
,説明文を開く,,"¥1,617",,
,改訂:2024/02,,,,
111-140850-11,ピラミッド　小３　算数　ＸＸ,教材,"¥1,348",1,
,説明文を開く,,"¥1,617",,
,改訂:2024/02,,,,
111-140851-11,ピラミッド　小４　算数　ＸＸ,教材,"¥1,348",1,
,説明文を開く,,"¥1,617",,
,改訂:2024/02,,,,
111-140852-11,ピラミッド　小５　算数　ＸＸ,教材,"¥1,348",1,
,説明文を開く,,"¥1,617",,
,改訂:2024/02,,,,
111-140853-11,ピラミッド　小６　算数　ＸＸ,教材,"¥1,348",1,
,説明文を開く,,"¥1,617",,
,改訂:2024/02,,,,
111-140854-11,ピラミッド　小５　理科　ＸＸ,教材,"¥1,416",1,
,説明文を開く,,"¥1,700",,
,改訂:2024/02,,,,
111-140855-11,ピラミッド　小６　理科　ＸＸ,教材,"¥1,416",1,
,説明文を開く,,"¥1,700",,
,改訂:2024/02,,,,
111-140856-11,ピラミッド　小５　社会　ＸＸ,教材,"¥1,416",1,
,説明文を開く,,"¥1,700",,
,改訂:2024/02,,,,
111-140857-11,ピラミッド　小６　社会　ＸＸ,教材,"¥1,416",1,
,説明文を開く,,"¥1,700",,
,改訂:2024/02,,,,
111-140858-11,新中学問題集　中１数学　標準編　ＸＸ,教材,"¥1,465",1,
,説明文を開く,,"¥1,758",,
,改訂:2024/02,,,,
111-140859-11,新中学問題集　中２数学　標準編　ＸＸ,教材,"¥1,465",1,
,説明文を開く,,"¥1,758",,
,改訂:2024/02,,,,
111-140860-11,新中学問題集　中３数学　標準編　ＸＸ,教材,"¥1,513",1,
,説明文を開く,,"¥1,817",,
,改訂:2024/02,,,,
111-140861-11,新中学問題集　中１国語　標準編　ＸＸ,教材,"¥1,465",1,
,説明文を開く,,"¥1,758",,
,改訂:2024/02,,,,
111-140862-11,新中学問題集　中２国語　標準編　ＸＸ,教材,"¥1,465",1,
,説明文を開く,,"¥1,758",,
,改訂:2024/02,,,,
111-140863-11,新中学問題集　中３国語　標準編　ＸＸ,教材,"¥1,513",1,
,説明文を開く,,"¥1,817",,
,改訂:2024/02,,,,
111-140864-11,新中学問題集　地理Ⅰ　ＸＸ,教材,"¥1,025",1,
,説明文を開く,,"¥1,231",,
,改訂:2024/02,,,,
111-140865-11,新中学問題集　地理Ⅱ　ＸＸ,教材,"¥1,025",1,
,説明文を開く,,"¥1,231",,
,改訂:2024/02,,,,
111-140866-11,新中学問題集　歴史Ⅰ　ＸＸ,教材,"¥1,025",1,
,説明文を開く,,"¥1,231",,
,改訂:2024/02,,,,
111-140867-11,新中学問題集　歴史Ⅱ　ＸＸ,教材,"¥1,025",1,
,説明文を開く,,"¥1,231",,
,改訂:2024/02,,,,
111-140868-11,新中学問題集　公民　ＸＸ,教材,"¥1,513",1,
,説明文を開く,,"¥1,817",,
,改訂:2024/02,,,,
111-140869-11,新中学問題集　中１数学　発展編　ＸＸ,教材,"¥1,397",1,
,説明文を開く,,"¥1,676",,
,改訂:2024/02,,,,
111-140870-11,新中学問題集　中２数学　発展編　ＸＸ,教材,"¥1,397",1,
,説明文を開く,,"¥1,676",,
,改訂:2024/02,,,,
111-140871-11,新中学問題集　中３数学　発展編　ＸＸ,教材,"¥1,455",1,
,説明文を開く,,"¥1,746",,
,改訂:2024/02,,,,
111-140872-11,新中学問題集　中１国語　発展編　ＸＸ,教材,"¥1,397",1,
,説明文を開く,,"¥1,676",,
,改訂:2024/02,,,,
111-140873-11,新中学問題集　中２国語　発展編　ＸＸ,教材,"¥1,397",1,
,説明文を開く,,"¥1,676",,
,改訂:2024/02,,,,
111-140874-11,新中学問題集　中３国語　発展編　ＸＸ,教材,"¥1,455",1,
,説明文を開く,,"¥1,746",,
,改訂:2024/02,,,,
111-140875-11,新中学問題集　中１英語　標準編　ＸＸ,教材,"¥1,465",1,
,説明文を開く,,"¥1,758",,
,改訂:2024/02,,,,
111-140876-11,新中学問題集　中２英語　標準編　ＸＸ,教材,"¥1,465",1,
,説明文を開く,,"¥1,758",,
,改訂:2024/02,,,,
111-140877-11,新中学問題集　中３英語　標準編　ＸＸ,教材,"¥1,513",1,
,説明文を開く,,"¥1,817",,
,改訂:2024/02,,,,
111-140878-11,新中学問題集　中１英語　発展編　ＸＸ,教材,"¥1,397",1,
,説明文を開く,,"¥1,676",,
,改訂:2024/02,,,,
111-140879-11,新中学問題集　中２英語　発展編　ＸＸ,教材,"¥1,397",1,
,説明文を開く,,"¥1,676",,
,改訂:2024/02,,,,
111-140880-11,新中学問題集　中３英語　発展編　ＸＸ,教材,"¥1,455",1,
,説明文を開く,,"¥1,746",,
,改訂:2024/02,,,,
111-140881-11,新中学問題集　中１理科　ＸＸ,教材,"¥1,345",1,
,説明文を開く,,"¥1,758",,
,改訂:2024/02,,,,
111-140882-11,新中学問題集　中２理科　ＸＸ,教材,"¥1,345",1,
,説明文を開く,,"¥1,758",,
,改訂:2024/02,,,,
111-140883-11,新中学問題集　中３理科　ＸＸ,教材,"¥1,513",1,
,説明文を開く,,"¥1,817",,
,改訂:2024/02,,,,
111-140799-11,フォレスタ　算数　小3　ＸＸ,教材,"¥2,218",1,
,説明文を開く,,"¥2,661",,
,改訂:2024/02,,,,
111-140800-11,フォレスタ　算数　小4　ＸＸ,教材,"¥2,218",1,
,説明文を開く,,"¥2,661",,
,改訂:2024/02,,,,
111-140801-11,フォレスタ　算数　小５　ＸＸ,教材,"¥2,218",1,
,説明文を開く,,"¥2,661",,
,改訂:2024/02,,,,
111-140802-11,フォレスタ　算数　小6　ＸＸ,教材,"¥2,218",1,
,説明文を開く,,"¥2,661",,
,改訂:2024/02,,,,
111-140803-11,フォレスタドリル　算数　小３　ＸＸ,教材,"¥1,263",1,
,説明文を開く,,"¥1,515",,
,改訂:2024/02,,,,
111-140804-11,フォレスタドリル　算数　小４　ＸＸ,教材,"¥1,263",1,
,説明文を開く,,"¥1,515",,
,改訂:2024/02,,,,
111-140805-11,フォレスタドリル　算数　小５　ＸＸ,教材,"¥1,263",1,
,説明文を開く,,"¥1,515",,
,改訂:2024/02,,,,
111-140806-11,フォレスタドリル　算数　小６　ＸＸ,教材,"¥1,263",1,
,説明文を開く,,"¥1,515",,
,改訂:2024/02,,,,
111-140807-11,英検フォレスタ　５級　ＸＸ,教材,"¥2,666",1,
,説明文を開く,,"¥3,200",,
,改訂:2024/02,,,,
111-140808-11,英検フォレスタ　４級　ＸＸ,教材,"¥2,666",1,
,説明文を開く,,"¥3,200",,
,改訂:2024/02,,,,
111-140809-11,フォレスタステップ　中１　英語　ＸＸ,教材,"¥1,690",1,
,説明文を開く,,"¥2,028",,
111-140810-11,フォレスタステップ　中２　英語　ＸＸ,教材,"¥1,822",1,
,説明文を開く,,"¥2,186",,
111-140811-11,フォレスタステップ　中３　英語　ＸＸ,教材,"¥1,954",1,
,説明文を開く,,"¥2,344",,
111-140812-11,フォレスタ中学準備講座　英数　ＸＸ,教材,"¥1,263",1,
,説明文を開く,,"¥1,515",,
,改訂:2024/02,,,,
111-140813-11,フォレスタ　数学C　,教材,"¥2,218",1,
,説明文を開く,,"¥2,661",,
111-140814-11,フォレスタ　物理,教材,"¥2,218",1,
,説明文を開く,,"¥2,661",,
111-140815-11,フォレスタ　化学,教材,"¥2,218",1,
,説明文を開く,,"¥2,661",,
111-140816-11,フォレスタ　生物,教材,"¥2,218",1,
,説明文を開く,,"¥2,661",,
111-140817-11,フォレスタ　地理総合,教材,"¥2,218",1,
,説明文を開く,,"¥2,661",,
111-140818-11,フォレスタ　歴史総合,教材,"¥2,218",1,
,説明文を開く,,"¥2,661",,
111-140819-11,フォレスタステップ　小3算数,教材,"¥1,690",1,
,説明文を開く,,"¥2,028",,
,改訂:2024/02,,,,
111-140820-11,フォレスタステップ　小4算数,教材,"¥1,690",1,
,説明文を開く,,"¥2,028",,
,改訂:2024/02,,,,
111-140821-11,フォレスタステップ　小5算数,教材,"¥1,822",1,
,説明文を開く,,"¥2,186",,
,改訂:2024/02,,,,
111-140822-11,フォレスタステップ　小6算数,教材,"¥1,822",1,
,説明文を開く,,"¥2,186",,
,改訂:2024/02,,,,
111-140835-11,４ＳＴＥＰ　数学Ｃ　新課程　ＸＸ,教材,¥652,1,
,改訂:2024/02,,¥913,,
111-140836-11,クリアー　数学Ｃ　新課程　ＸＸ,教材,¥652,1,
,改訂:2024/02,,¥913,,
111-140837-11,３ＴＲＩＡＬ　数学Ｃ　新課程　ＸＸ,教材,¥652,1,
,改訂:2024/02,,¥913,,
111-140366-11,ワーク　小１　国語　東書　ＸＸ,教材,"¥1,980",1,
,説明文を開く,,"¥2,376",,
,改訂:2024/02,,,,
111-140367-11,ワーク　小１　国語　光村　ＸＸ,教材,"¥1,980",1,
,説明文を開く,,"¥2,376",,
,改訂:2024/01,,,,
111-140368-11,ワーク　小１　国語　教出　ＸＸ,教材,"¥1,980",1,
,説明文を開く,,"¥2,376",,
,改訂:2024/01,,,,
111-140369-11,ワーク　小１　算数　東書　ＸＸ,教材,"¥1,980",1,
,説明文を開く,,"¥2,376",,
,改訂:2024/01,,,,
111-140370-11,ワーク　小１　算数　啓林　ＸＸ,教材,"¥1,980",1,
,説明文を開く,,"¥2,376",,
,改訂:2024/01,,,,
111-140371-11,ワーク　小１　算数　標準　ＸＸ,教材,"¥1,980",1,
,説明文を開く,,"¥2,376",,
,改訂:2024/01,,,,
111-140372-11,ワーク　小２　国語　東書　ＸＸ,教材,"¥1,980",1,
,説明文を開く,,"¥2,376",,
,改訂:2024/01,,,,
111-140373-11,ワーク　小２　国語　光村　ＸＸ,教材,"¥1,980",1,
,説明文を開く,,"¥2,376",,
,改訂:2024/01,,,,
111-140374-11,ワーク　小２　国語　教出　ＸＸ,教材,"¥1,980",1,
,説明文を開く,,"¥2,376",,
,改訂:2024/02,,,,
111-140375-11,ワーク　小２　算数　東書　ＸＸ,教材,"¥1,980",1,
,説明文を開く,,"¥2,376",,
,改訂:2024/01,,,,
111-140376-11,ワーク　小２　算数　啓林　ＸＸ,教材,"¥1,980",1,
,説明文を開く,,"¥2,376",,
,改訂:2024/02,,,,
111-140377-11,ワーク　小２　算数　標準　ＸＸ,教材,"¥1,980",1,
,説明文を開く,,"¥2,376",,
,改訂:2024/01,,,,
111-140378-11,ワーク　小３　国語　東書　ＸＸ,教材,"¥1,606",1,
,説明文を開く,,"¥1,927",,
,改訂:2024/02,,,,
111-140379-11,ワーク　小３　国語　光村　ＸＸ,教材,"¥1,606",1,
,説明文を開く,,"¥1,927",,
,改訂:2024/02,,,,
111-140380-11,ワーク　小３　国語　教出　ＸＸ,教材,"¥1,606",1,
,説明文を開く,,"¥1,927",,
,改訂:2024/01,,,,
111-140381-11,ワーク　小３　算数　東書　ＸＸ,教材,"¥1,606",1,
,説明文を開く,,"¥1,927",,
,改訂:2024/01,,,,
111-140382-11,ワーク　小３　算数　啓林　ＸＸ,教材,"¥1,606",1,
,説明文を開く,,"¥1,927",,
,改訂:2024/02,,,,
111-140383-11,ワーク　小３　算数　標準　ＸＸ,教材,"¥1,606",1,
,説明文を開く,,"¥1,927",,
,改訂:2023/12,,,,
111-140384-11,ワーク　小４　国語　東書　ＸＸ,教材,"¥1,606",1,
,説明文を開く,,"¥1,927",,
,改訂:2024/01,,,,
111-140385-11,ワーク　小４　国語　光村　ＸＸ,教材,"¥1,606",1,
,説明文を開く,,"¥1,927",,
,改訂:2024/02,,,,
111-140386-11,ワーク　小４　国語　教出　ＸＸ,教材,"¥1,606",1,
,説明文を開く,,"¥1,927",,
,改訂:2024/02,,,,
111-140387-11,ワーク　小４　算数　大日　ＸＸ,教材,"¥1,606",1,
,説明文を開く,,"¥1,927",,
,改訂:2024/02,,,,
111-140388-11,ワーク　小４　算数　東書　ＸＸ,教材,"¥1,606",1,
,説明文を開く,,"¥1,927",,
,改訂:2024/01,,,,
111-140389-11,ワーク　小４　算数　啓林　ＸＸ,教材,"¥1,606",1,
,説明文を開く,,"¥1,927",,
,改訂:2024/02,,,,
111-140390-11,ワーク　小４　算数　教出　ＸＸ,教材,"¥1,606",1,
,説明文を開く,,"¥1,927",,
,改訂:2024/02,,,,
111-140391-11,ワーク　小４　算数　学図　ＸＸ,教材,"¥1,606",1,
,説明文を開く,,"¥1,927",,
,改訂:2024/01,,,,
111-140392-11,ワーク　小４　算数　標準　ＸＸ,教材,"¥1,606",1,
,説明文を開く,,"¥1,927",,
,改訂:2024/01,,,,
111-140393-11,ワーク　小４　理科　標準　ＸＸ,教材,"¥1,606",1,
,説明文を開く,,"¥1,927",,
,改訂:2024/01,,,,
111-140394-11,ワーク　小４　社会　標準　ＸＸ,教材,"¥1,606",1,
,説明文を開く,,"¥1,927",,
,改訂:2024/02,,,,
111-140395-11,ワーク　小５　国語　東書　ＸＸ,教材,"¥1,606",1,
,説明文を開く,,"¥1,927",,
,改訂:2024/02,,,,
111-140396-11,ワーク　小５　国語　光村　ＸＸ,教材,"¥1,606",1,
,説明文を開く,,"¥1,927",,
,改訂:2024/02,,,,
111-140397-11,ワーク　小５　国語　教出　ＸＸ,教材,"¥1,606",1,
,説明文を開く,,"¥1,927",,
,改訂:2024/01,,,,
111-140398-11,ワーク　小５　算数　大日　ＸＸ,教材,"¥1,606",1,
,説明文を開く,,"¥1,927",,
,改訂:2024/02,,,,
111-140399-11,ワーク　小５　算数　東書　ＸＸ,教材,"¥1,606",1,
,説明文を開く,,"¥1,927",,
,改訂:2024/01,,,,
111-140400-11,ワーク　小５　算数　啓林　ＸＸ,教材,"¥1,606",1,
,説明文を開く,,"¥1,927",,
,改訂:2024/02,,,,
111-140401-11,ワーク　小５　算数　教出　ＸＸ,教材,"¥1,606",1,
,説明文を開く,,"¥1,927",,
,改訂:2024/02,,,,
111-140402-11,ワーク　小５　算数　学図　ＸＸ,教材,"¥1,606",1,
,説明文を開く,,"¥1,927",,
,改訂:2024/02,,,,
111-140403-11,ワーク　小５　算数　標準　ＸＸ,教材,"¥1,606",1,
,説明文を開く,,"¥1,927",,
,改訂:2024/01,,,,
111-140404-11,ワーク　小５　英語　東書　ＸＸ,教材,"¥1,606",1,
,説明文を開く,,"¥1,927",,
,改訂:2024/02,,,,
111-140405-11,ワーク　小５　英語　光村　ＸＸ,教材,"¥1,606",1,
,説明文を開く,,"¥1,927",,
,改訂:2024/01,,,,
111-140406-11,ワーク　小５　理科　標準　ＸＸ,教材,"¥1,606",1,
,説明文を開く,,"¥1,927",,
,改訂:2024/01,,,,
111-140407-11,ワーク　小５　社会　標準　ＸＸ,教材,"¥1,606",1,
,説明文を開く,,"¥1,927",,
,改訂:2024/02,,,,
111-140408-11,ワーク　小６　国語　東書　ＸＸ,教材,"¥1,606",1,
,説明文を開く,,"¥1,927",,
,改訂:2024/02,,,,
111-140409-11,ワーク　小６　国語　光村　ＸＸ,教材,"¥1,606",1,
,説明文を開く,,"¥1,927",,
,改訂:2024/01,,,,
111-140410-11,ワーク　小６　国語　教出　ＸＸ,教材,"¥1,606",1,
,説明文を開く,,"¥1,927",,
,改訂:2024/01,,,,
111-140411-11,ワーク　小６　算数　大日　ＸＸ,教材,"¥1,606",1,
,説明文を開く,,"¥1,927",,
,改訂:2024/02,,,,
111-140412-11,ワーク　小６　算数　東書　ＸＸ,教材,"¥1,606",1,
,説明文を開く,,"¥1,927",,
,改訂:2024/01,,,,
111-140413-11,ワーク　小６　算数　啓林　ＸＸ,教材,"¥1,606",1,
,説明文を開く,,"¥1,927",,
,改訂:2024/02,,,,
111-140414-11,ワーク　小６　算数　教出　ＸＸ,教材,"¥1,606",1,
,説明文を開く,,"¥1,927",,
,改訂:2024/01,,,,
111-140415-11,ワーク　小６　算数　学図　ＸＸ,教材,"¥1,606",1,
,説明文を開く,,"¥1,927",,
,改訂:2024/02,,,,
111-140416-11,ワーク　小６　算数　標準　ＸＸ,教材,"¥1,606",1,
,説明文を開く,,"¥1,927",,
,改訂:2023/12,,,,
111-140417-11,ワーク　小６　英語　東書　ＸＸ,教材,"¥1,606",1,
,説明文を開く,,"¥1,927",,
,改訂:2024/02,,,,
111-140418-11,ワーク　小６　英語　光村　ＸＸ,教材,"¥1,606",1,
,説明文を開く,,"¥1,927",,
,改訂:2024/02,,,,
111-140419-11,ワーク　小６　理科　標準　ＸＸ,教材,"¥1,606",1,
,説明文を開く,,"¥1,927",,
,改訂:2024/01,,,,
111-140420-11,ワーク　小６　社会　標準　ＸＸ,教材,"¥1,606",1,
,説明文を開く,,"¥1,927",,
,改訂:2024/02,,,,
111-140421-11,標準新演習　小５　社会　ＸＸ,教材,"¥1,584",1,
,説明文を開く,,"¥1,901",,
,改訂:2024/01,,,,
111-140422-11,標準新演習　小６　社会　ＸＸ,教材,"¥1,584",1,
,説明文を開く,,"¥1,901",,
,改訂:2024/01,,,,
111-140425-11,高校新演習スタンダード　大学受験　現代文　ＸＸ,教材,"¥2,640",1,
,説明文を開く,,"¥3,168",,
,改訂:2024/01,,,,
111-140426-11,高校新演習スタンダード　大学受験　古典　ＸＸ,教材,"¥2,420",1,
,説明文を開く,,"¥2,904",,
,改訂:2024/01,,,,
111-140427-11,高校新演習スタンダード　大学受験　数学Ⅰ・Ａ　ＸＸ,教材,"¥2,420",1,
,説明文を開く,,"¥2,904",,
,改訂:2024/01,,,,
111-140428-11,高校新演習スタンダード　大学受験　数学ⅡＢＣ　ＸＸ,教材,"¥2,420",1,
,説明文を開く,,"¥2,904",,
,改訂:2024/01,,,,
111-140429-11,高校新演習スタンダード　大学受験　文法編　ＸＸ,教材,"¥2,420",1,
,説明文を開く,,"¥2,904",,
,改訂:2023/12,,,,
111-140430-11,高校新演習スタンダード　大学受験　読解編　ＸＸ,教材,"¥2,310",1,
,説明文を開く,,"¥2,772",,
,改訂:2024/01,,,,
111-140431-11,高校新演習スタンダード　大学受験　リスニング　ＸＸ,教材,"¥2,090",1,
,改訂:2023/12,,"¥2,508",,
111-140432-11,新演習プログレス　大学受験　現代文　ＸＸ,教材,"¥2,530",1,
,説明文を開く,,"¥3,036",,
,改訂:2023/12,,,,
111-140433-11,高校新演習プログレス　大学受験　理系数学　ＸＸ,教材,"¥2,310",1,
,説明文を開く,,"¥2,772",,
,改訂:2024/01,,,,
111-140434-11,新演習プログレス　大学受験　英文法・語法　ＸＸ,教材,"¥2,530",1,
,説明文を開く,,"¥3,036",,
,改訂:2023/12,,,,
111-140435-11,新演習プログレス　大学受験　英語　読解編　ＸＸ,教材,"¥2,310",1,
,説明文を開く,,"¥2,772",,
,改訂:2024/01,,,,
111-140436-11,公立中高一貫対策問題集　文系Ｔ　ＸＸ,教材,"¥1,914",1,
,説明文を開く,,"¥2,297",,
,改訂:2023/12,,,,
111-140437-11,公立中高一貫対策問題集　理系Ｔ　ＸＸ,教材,"¥1,914",1,
,説明文を開く,,"¥2,297",,
,改訂:2023/12,,,,
111-140438-11,公立中高一貫対策問題集　実践編　ＸＸ,教材,"¥2,816",1,
,説明文を開く,,"¥3,379",,
,改訂:2024/01,,,,
111-140439-11,新演習　英語長文問題　ＸＸ,教材,¥880,1,
,説明文を開く,,"¥1,232",,
,改訂:2024/01,,,,
111-140443-11,ＳＰＩＲＡＬ　スパイラル高校　情報Ⅰ,教材,"¥1,742",1,
,説明文を開く,,"¥2,091",,
,改訂:2024/01,,,,
111-141448-11,理科　中学入試対策サーパス　ＸＸ,教材,"¥1,570",1,
,説明文を開く,,"¥1,884",,
111-141449-11,社会　中学入試対策サーパス　ＸＸ,教材,"¥2,032",1,
,説明文を開く,,"¥2,438",,
111-141492-11,サマー練成　算数　小１　XX,教材,¥506,1,
,説明文を開く,,¥708,,
,改訂:2024/04,,,,
111-141498-11,サマー練成　国語　小１　XX,教材,¥506,1,
,説明文を開く,,¥708,,
,改訂:2024/04,,,,
111-141493-11,サマー練成　算数　小２　XX,教材,¥506,1,
,説明文を開く,,¥708,,
,改訂:2024/04,,,,
111-141499-11,サマー練成　国語　小２　XX,教材,¥506,1,
,説明文を開く,,¥708,,
,改訂:2024/04,,,,
111-141494-11,サマー練成　算数　小３　XX,教材,¥550,1,
,説明文を開く,,¥770,,
,改訂:2024/04,,,,
111-141500-11,サマー練成　国語　小３　XX,教材,¥550,1,
,説明文を開く,,¥770,,
,改訂:2024/04,,,,
111-141495-11,サマー練成　算数　小４　XX,教材,¥594,1,
,説明文を開く,,¥831,,
,改訂:2024/04,,,,
111-141501-11,サマー練成　国語　小４　XX,教材,¥594,1,
,説明文を開く,,¥831,,
,改訂:2024/04,,,,
111-141496-11,サマー練成　算数　小５　XX,教材,¥594,1,
,説明文を開く,,¥831,,
,改訂:2024/04,,,,
111-141502-11,サマー練成　国語　小５　XX,教材,¥594,1,
,説明文を開く,,¥831,,
,改訂:2024/04,,,,
111-141497-11,サマー練成　算数　小６　XX,教材,¥594,1,
,説明文を開く,,¥831,,
,改訂:2024/04,,,,
111-141503-11,サマー練成　国語　小６　XX,教材,¥594,1,
,説明文を開く,,¥831,,
,改訂:2024/04,,,,
111-141504-11,サマー練成　理科　小４　XX,教材,¥550,1,
,説明文を開く,,¥770,,
,改訂:2024/04,,,,
111-141505-11,サマー練成　理科　小５　XX,教材,¥550,1,
,説明文を開く,,¥770,,
,改訂:2024/04,,,,
111-141506-11,サマー練成　理科　小６　XX,教材,¥550,1,
,説明文を開く,,¥770,,
,改訂:2024/04,,,,
111-141507-11,サマー練成　社会　小４　XX,教材,¥550,1,
,説明文を開く,,¥770,,
,改訂:2024/04,,,,
111-141508-11,サマー練成　社会　小５　XX,教材,¥550,1,
,説明文を開く,,¥770,,
,改訂:2024/04,,,,
111-141509-11,サマー練成　社会　小６　XX,教材,¥550,1,
,説明文を開く,,¥770,,
,改訂:2024/04,,,,
111-141516-11,高校新演習フォーカス　大学受験　英文法・語法α XX,教材,¥902,1,
,説明文を開く,,"¥1,263",,
,改訂:2024/07,,,,
111-141517-11,高校新演習フォーカス　大学受験　英文法・語法β XX,教材,¥902,1,
,説明文を開く,,"¥1,263",,
,改訂:2024/07,,,,
111-141518-11,高校新演習フォーカス　大学受験　英語長文α XX,教材,¥902,1,
,説明文を開く,,"¥1,263",,
,改訂:2024/07,,,,
111-141519-11,高校新演習フォーカス　大学受験　英語長文β XX,教材,¥902,1,
,説明文を開く,,"¥1,263",,
,改訂:2024/07,,,,
111-141520-11,高校新演習フォーカス　大学受験　数学Ⅰ・Ａ XX,教材,¥902,1,
,説明文を開く,,"¥1,263",,
,改訂:2024/07,,,,
111-141521-11,高校新演習フォーカス　大学受験　数学Ⅱ・Ｂ・Ｃ XX,教材,¥902,1,
,説明文を開く,,"¥1,263",,
,改訂:2024/07,,,,
111-141522-11,高校新演習フォーカス　大学受験　現代文 XX,教材,¥902,1,
,説明文を開く,,"¥1,263",,
,改訂:2024/07,,,,
111-141523-11,高校新演習フォーカス　大学受験　古文 XX,教材,¥902,1,
,説明文を開く,,"¥1,263",,
,改訂:2024/07,,,,
111-141235-11,標準新演習　社会　小６　ＸＸ　夏講用,教材,¥701,1,
,説明文を開く,,"¥1,078",,
,改訂:2024/05,,,,
111-141236-11,夏期　中学受験新演習　小５　社会　ＸＸ,教材,"¥1,181",1,
,説明文を開く,,"¥1,558",,
,改訂:2024/05,,,,
111-141573-11,英検準1級　DAILY26日間集中ゼミ,教材,"¥1,670",1,
,説明文を開く,,"¥1,870",,
,改訂:2024/07,,,,
111-142102-11,共通テスト対策模擬　国語　α　新課程　ＸＸ,教材,¥594,1,
,説明文を開く,,¥832,,
,改訂:2024/09,,,,
111-142103-11,共通テスト対策模擬　国語　β　新課程　ＸＸ,教材,¥594,1,
,説明文を開く,,¥832,,
,改訂:2024/09,,,,
111-142105-11,共通テスト対策模擬　数学Ⅰ・Ａ　α　新課程　ＸＸ,教材,¥594,1,
,説明文を開く,,¥832,,
,改訂:2024/09,,,,
111-142106-11,共通テスト対策模擬　数学Ⅰ・Ａ　β　新課程　ＸＸ,教材,¥594,1,
,説明文を開く,,¥832,,
,改訂:2024/09,,,,
111-142107-11,共通テスト対策模擬　数学Ⅰ・Ａ　γ　新課程　ＸＸ,教材,¥594,1,
,説明文を開く,,¥832,,
,改訂:2024/09,,,,
111-142108-11,共通テスト対策模擬　数学Ⅱ・ＢＣ　α　新課程　ＸＸ,教材,¥594,1,
,説明文を開く,,¥832,,
,改訂:2024/09,,,,
111-142109-11,共通テスト対策模擬　数学Ⅱ・ＢＣ　β　新課程　ＸＸ,教材,¥594,1,
,説明文を開く,,¥832,,
,改訂:2024/09,,,,
111-142110-11,共通テスト対策模擬　数学Ⅱ・ＢＣ　γ　新課程　ＸＸ,教材,¥594,1,
,説明文を開く,,¥832,,
,改訂:2024/09,,,,
111-142112-11,共通テスト対策模擬　英語リーディングβ新課程　ＸＸ,教材,¥594,1,
,説明文を開く,,¥832,,
,改訂:2024/09,,,,
111-142114-11,共通テスト対策模擬　英語リスニングα　新課程　ＸＸ,教材,¥594,1,
,説明文を開く,,¥832,,
,改訂:2024/09,,,,
111-142115-11,共通テスト対策模擬　英語リスニングβ　新課程　ＸＸ,教材,¥594,1,
,説明文を開く,,¥832,,
,改訂:2024/09,,,,
111-142116-11,共通テスト対策模擬　英語リスニングγ　新課程　ＸＸ,教材,¥594,1,
,説明文を開く,,¥832,,
,改訂:2024/09,,,,
111-142117-11,埼玉　入試直前予想演習　５回　学校数学　改六　ＸＸ,教材,¥924,1,
,説明文を開く,,"¥1,294",,
,改訂:2024/10,,,,
111-142118-11,埼玉　入試直前予想演習　５回　学力数学　改八　ＸＸ,教材,¥704,1,
,説明文を開く,,¥986,,
,改訂:2024/10,,,,
111-142119-11,千葉　入試直前予想演習　５回　国語　改六　ＸＸ,教材,¥704,1,
,説明文を開く,,¥986,,
,改訂:2024/10,,,,
111-142120-11,千葉　入試直前予想演習　５回　数学　改八　ＸＸ,教材,¥704,1,
,説明文を開く,,¥986,,
,改訂:2024/10,,,,
111-142121-11,千葉　入試直前予想演習　５回　英語　改六　ＸＸ,教材,¥704,1,
,説明文を開く,,¥986,,
,改訂:2024/10,,,,
111-142122-11,千葉　入試直前予想演習　５回　理科　改四　ＸＸ,教材,¥704,1,
,説明文を開く,,¥986,,
,改訂:2024/10,,,,
111-142123-11,千葉　入試直前予想演習　５回　社会　改四　ＸＸ,教材,¥704,1,
,説明文を開く,,¥986,,
,改訂:2024/10,,,,
111-142124-11,東京　入試直前予想演習　５回　理科　改七　ＸＸ,教材,¥704,1,
,説明文を開く,,¥986,,
,改訂:2024/10,,,,
111-142125-11,ウィンター練成　算数　小１ ＸＸ 冬期講習用,教材,¥514,1,
,説明文を開く,,¥720,,
,改訂:2024/10,,,,
111-142126-11,ウィンター練成　算数　小２ ＸＸ 冬期講習用,教材,¥514,1,
,説明文を開く,,¥720,,
,改訂:2024/10,,,,
111-142131-11,ウィンター練成　国語　小１ ＸＸ 冬期講習用,教材,¥514,1,
,説明文を開く,,¥720,,
,改訂:2024/10,,,,
111-142132-11,ウィンター練成　国語　小２ ＸＸ 冬期講習用,教材,¥514,1,
,説明文を開く,,¥720,,
,改訂:2024/10,,,,
111-142133-11,ウィンター練成　国語　小３ ＸＸ 冬期講習用,教材,¥566,1,
,説明文を開く,,¥792,,
,改訂:2024/10,,,,
111-142134-11,ウィンター練成　国語　小４ ＸＸ 冬期講習用,教材,¥566,1,
,説明文を開く,,¥792,,
,改訂:2024/10,,,,
111-142135-11,ウィンター練成　国語　小５ ＸＸ 冬期講習用,教材,¥566,1,
,説明文を開く,,¥792,,
,改訂:2024/10,,,,
111-142136-11,ウィンター練成　国語　小６ ＸＸ 冬期講習用,教材,¥566,1,
,説明文を開く,,¥792,,
,改訂:2024/10,,,,
111-142127-11,ウィンター練成　算数　小３ ＸＸ 冬期講習用,教材,¥566,1,
,説明文を開く,,¥792,,
,改訂:2024/10,,,,
111-142128-11,ウィンター練成　算数　小４ ＸＸ 冬期講習用,教材,¥566,1,
,説明文を開く,,¥792,,
,改訂:2024/10,,,,
111-142129-11,ウィンター練成　算数　小５ ＸＸ 冬期講習用,教材,¥566,1,
,説明文を開く,,¥792,,
,改訂:2024/10,,,,
111-142130-11,ウィンター練成　算数　小６ ＸＸ 冬期講習用,教材,¥566,1,
,説明文を開く,,¥792,,
,改訂:2024/10,,,,
111-142519-11,ワーク　中１　国語　東書　ＸY,教材,"¥1,606",1,
,説明文を開く,,"¥1,927",,
,改訂:2025/02,,,,
111-142520-11,ワーク　中１　国語　光村　ＸY,教材,"¥1,606",1,
,説明文を開く,,"¥1,927",,
,改訂:2025/02,,,,
111-142521-11,ワーク　中１　国語　教出　ＸY,教材,"¥1,606",1,
,説明文を開く,,"¥1,927",,
,改訂:2025/02,,,,
111-142522-11,ワーク　中１　国語　三省　ＸY,教材,"¥1,606",1,
,説明文を開く,,"¥1,927",,
,改訂:2025/02,,,,
111-142523-11,ワーク　中１　数学　数研　ＸY,教材,"¥1,606",1,
,説明文を開く,,"¥1,927",,
,改訂:2025/02,,,,
111-142524-11,ワーク　中１　数学　東書　ＸY,教材,"¥1,606",1,
,説明文を開く,,"¥1,927",,
,改訂:2025/02,,,,
111-142525-11,ワーク　中１　数学　啓林　ＸY,教材,"¥1,606",1,
,説明文を開く,,"¥1,927",,
,改訂:2025/02,,,,
111-142526-11,ワーク　中１　数学　教出　ＸY,教材,"¥1,606",1,
,説明文を開く,,"¥1,927",,
,改訂:2025/02,,,,
111-142527-11,ワーク　中１　数学　学図　ＸY,教材,"¥1,606",1,
,説明文を開く,,"¥1,927",,
,改訂:2025/02,,,,
111-142528-11,ワーク　中１　数学　日文　ＸY,教材,"¥1,606",1,
,説明文を開く,,"¥1,927",,
,改訂:2025/02,,,,
111-142529-11,ワーク　中１　数学　標準　ＸY,教材,"¥1,606",1,
,説明文を開く,,"¥1,927",,
,改訂:2025/02,,,,
111-142530-11,ワーク　中１　英語　東書　ＸY,教材,"¥1,606",1,
,説明文を開く,,"¥1,927",,
,改訂:2025/02,,,,
111-142531-11,ワーク　中１　英語　啓林　ＸY,教材,"¥1,606",1,
,説明文を開く,,"¥1,927",,
,改訂:2025/02,,,,
111-142532-11,ワーク　中１　英語　光村　ＸY,教材,"¥1,606",1,
,説明文を開く,,"¥1,927",,
,改訂:2025/02,,,,
111-142533-11,ワーク　中１　英語　教出　ＸY,教材,"¥1,606",1,
,説明文を開く,,"¥1,927",,
,改訂:2025/02,,,,
111-142534-11,ワーク　中１　英語　三省　ＸY　,教材,"¥1,606",1,
,説明文を開く,,"¥1,927",,
,改訂:2025/02,,,,
111-142535-11,ワーク　中１　英語　開隆　ＸY,教材,"¥1,606",1,
,説明文を開く,,"¥1,927",,
,改訂:2025/02,,,,
111-142536-11,ワーク　中１　理科　東書　ＸY,教材,"¥1,606",1,
,説明文を開く,,"¥1,927",,
,改訂:2025/02,,,,
111-142537-11,ワーク　中１　理科　啓林　ＸY,教材,"¥1,606",1,
,説明文を開く,,"¥1,927",,
,改訂:2025/02,,,,
111-142538-11,ワーク　中１　理科　教出　ＸY,教材,"¥1,606",1,
,説明文を開く,,"¥1,927",,
,改訂:2025/02,,,,
111-142539-11,ワーク　中１　理科　学図　ＸY,教材,"¥1,606",1,
,説明文を開く,,"¥1,927",,
,改訂:2025/02,,,,
111-142540-11,ワーク　中１　理科　標準　ＸY,教材,"¥1,606",1,
,説明文を開く,,"¥1,927",,
,改訂:2025/02,,,,
111-142541-11,ワーク　中２　国語　東書　ＸY,教材,"¥1,606",1,
,説明文を開く,,"¥1,927",,
,改訂:2025/02,,,,
111-142542-11,ワーク　中２　国語　光村　ＸY,教材,"¥1,606",1,
,説明文を開く,,"¥1,927",,
,改訂:2025/02,,,,
111-142543-11,ワーク　中２　国語　教出　ＸY,教材,"¥1,606",1,
,説明文を開く,,"¥1,927",,
,改訂:2025/02,,,,
111-142544-11,ワーク　中２　国語　三省　ＸY,教材,"¥1,606",1,
,説明文を開く,,"¥1,927",,
,改訂:2025/02,,,,
111-142545-11,ワーク　中２　数学　数研　ＸY,教材,"¥1,606",1,
,説明文を開く,,"¥1,927",,
,改訂:2025/02,,,,
111-142546-11,ワーク　中２　数学　東書　ＸY,教材,"¥1,606",1,
,説明文を開く,,"¥1,927",,
,改訂:2025/02,,,,
111-142547-11,ワーク　中２　数学　啓林　ＸY,教材,"¥1,606",1,
,説明文を開く,,"¥1,927",,
,改訂:2025/02,,,,
111-142548-11,ワーク　中２　数学　教出　ＸY,教材,"¥1,606",1,
,説明文を開く,,"¥1,927",,
,改訂:2025/02,,,,
111-142549-11,ワーク　中２　数学　学図　ＸY,教材,"¥1,606",1,
,説明文を開く,,"¥1,927",,
,改訂:2025/02,,,,
111-142550-11,ワーク　中２　数学　日文　ＸY,教材,"¥1,606",1,
,説明文を開く,,"¥1,927",,
,改訂:2025/02,,,,
111-142551-11,ワーク　中２　数学　標準　ＸY,教材,"¥1,606",1,
,説明文を開く,,"¥1,927",,
,改訂:2025/02,,,,
111-142552-11,ワーク　中２　英語　東書　ＸY,教材,"¥1,606",1,
,説明文を開く,,"¥1,927",,
,改訂:2025/02,,,,
111-142553-11,ワーク　中２　英語　啓林　ＸY,教材,"¥1,606",1,
,説明文を開く,,"¥1,927",,
,改訂:2025/02,,,,
111-142554-11,ワーク　中２　英語　光村　ＸY,教材,"¥1,606",1,
,説明文を開く,,"¥1,927",,
,改訂:2025/02,,,,
111-142555-11,ワーク　中２　英語　教出　ＸY,教材,"¥1,606",1,
,説明文を開く,,"¥1,927",,
,改訂:2025/02,,,,
111-142556-11,ワーク　中２　英語　三省　ＸY,教材,"¥1,606",1,
,説明文を開く,,"¥1,927",,
,改訂:2025/02,,,,
111-142557-11,ワーク　中２　英語　開隆　ＸY,教材,"¥1,606",1,
,説明文を開く,,"¥1,927",,
,改訂:2025/02,,,,
111-142558-11,ワーク　中２　理科　東書　ＸY,教材,"¥1,606",1,
,説明文を開く,,"¥1,927",,
,改訂:2025/02,,,,
111-142559-11,ワーク　中２　理科　啓林　ＸY,教材,"¥1,606",1,
,説明文を開く,,"¥1,927",,
,改訂:2025/02,,,,
111-142560-11,ワーク　中２　理科　教出　ＸY,教材,"¥1,606",1,
,説明文を開く,,"¥1,927",,
,改訂:2025/02,,,,
111-142561-11,ワーク　中２　理科　学図　ＸY,教材,"¥1,606",1,
,説明文を開く,,"¥1,927",,
,改訂:2025/02,,,,
111-142562-11,ワーク　中２　理科　標準　ＸY,教材,"¥1,606",1,
,説明文を開く,,"¥1,927",,
,改訂:2025/02,,,,
111-142563-11,ワーク　中３　国語　東書　ＸY,教材,"¥1,606",1,
,説明文を開く,,"¥1,927",,
,改訂:2025/02,,,,
111-142564-11,ワーク　中３　国語　光村　ＸY,教材,"¥1,606",1,
,説明文を開く,,"¥1,927",,
,改訂:2025/02,,,,
111-142565-11,ワーク　中３　国語　教出　ＸY,教材,"¥1,606",1,
,説明文を開く,,"¥1,927",,
,改訂:2025/02,,,,
111-142566-11,ワーク　中３　国語　三省　ＸY,教材,"¥1,606",1,
,説明文を開く,,"¥1,927",,
,改訂:2025/02,,,,
111-142567-11,ワーク　中３　数学　数研　ＸY,教材,"¥1,606",1,
,説明文を開く,,"¥1,927",,
,改訂:2025/02,,,,
111-142568-11,ワーク　中３　数学　東書　ＸY,教材,"¥1,606",1,
,説明文を開く,,"¥1,927",,
,改訂:2025/02,,,,
111-142569-11,ワーク　中３　数学　啓林　ＸY,教材,"¥1,606",1,
,説明文を開く,,"¥1,927",,
,改訂:2025/02,,,,
111-142570-11,ワーク　中３　数学　教出　ＸY,教材,"¥1,606",1,
,説明文を開く,,"¥1,927",,
,改訂:2025/02,,,,
111-142571-11,ワーク　中３　数学　学図　ＸY,教材,"¥1,606",1,
,説明文を開く,,"¥1,927",,
,改訂:2025/02,,,,
111-142572-11,ワーク　中３　数学　日文　ＸY,教材,"¥1,606",1,
,説明文を開く,,"¥1,927",,
,改訂:2025/02,,,,
111-142573-11,ワーク　中３　数学　標準　ＸY,教材,"¥1,606",1,
,説明文を開く,,"¥1,927",,
,改訂:2025/02,,,,
111-142574-11,ワーク　中３　英語　東書　ＸY,教材,"¥1,606",1,
,説明文を開く,,"¥1,927",,
,改訂:2025/02,,,,
111-142575-11,ワーク　中３　英語　啓林　ＸY,教材,"¥1,606",1,
,説明文を開く,,"¥1,927",,
,改訂:2025/02,,,,
111-142576-11,ワーク　中３　英語　光村　ＸY,教材,"¥1,606",1,
,説明文を開く,,"¥1,927",,
,改訂:2025/02,,,,
111-142577-11,ワーク　中３　英語　教出　ＸY,教材,"¥1,606",1,
,説明文を開く,,"¥1,927",,
,改訂:2025/02,,,,
111-142578-11,ワーク　中３　英語　三省　ＸY,教材,"¥1,606",1,
,説明文を開く,,"¥1,927",,
,改訂:2025/02,,,,
111-142579-11,ワーク　中３　英語　開隆　ＸY,教材,"¥1,606",1,
,説明文を開く,,"¥1,927",,
,改訂:2025/02,,,,
111-142580-11,ワーク　中３　理科　東書　ＸY,教材,"¥1,606",1,
,説明文を開く,,"¥1,927",,
,改訂:2025/02,,,,
111-142581-11,ワーク　中３　理科　啓林　ＸY,教材,"¥1,606",1,
,説明文を開く,,"¥1,927",,
,改訂:2025/02,,,,
111-142582-11,ワーク　中３　理科　教出　ＸY,教材,"¥1,606",1,
,説明文を開く,,"¥1,927",,
,改訂:2025/02,,,,
111-142583-11,ワーク　中３　理科　学図　ＸY,教材,"¥1,606",1,
,説明文を開く,,"¥1,927",,
,改訂:2025/02,,,,
111-142584-11,ワーク　中３　理科　標準　ＸY,教材,"¥1,606",1,
,説明文を開く,,"¥1,927",,
,改訂:2025/02,,,,
111-142585-11,ワーク　中３　社会　帝国　ＸY,教材,"¥1,606",1,
,説明文を開く,,"¥1,927",,
,改訂:2025/02,,,,
111-142586-11,ワーク　中３　社会　育鵬　ＸY,教材,"¥1,606",1,
,説明文を開く,,"¥1,927",,
,改訂:2025/02,,,,
111-142587-11,ワーク　中３　社会　東書　ＸY,教材,"¥1,606",1,
,説明文を開く,,"¥1,927",,
,改訂:2025/02,,,,
111-142588-11,ワーク　中３　社会　教出　ＸY,教材,"¥1,606",1,
,説明文を開く,,"¥1,927",,
,改訂:2025/02,,,,
111-142589-11,ワーク　中３　社会　日文　ＸY,教材,"¥1,606",1,
,説明文を開く,,"¥1,927",,
,改訂:2025/02,,,,
111-142590-11,ワーク　中３　社会　標準　ＸY,教材,"¥1,606",1,
,説明文を開く,,"¥1,927",,
,改訂:2025/02,,,,
111-142591-11,ワーク　地理Ⅰ　帝国　ＸY,教材,"¥1,144",1,
,説明文を開く,,"¥1,373",,
,改訂:2025/02,,,,
111-142592-11,ワーク　地理Ⅰ　東書　ＸY,教材,"¥1,144",1,
,説明文を開く,,"¥1,373",,
,改訂:2025/02,,,,
111-142593-11,ワーク　地理Ⅰ　教出　ＸY,教材,"¥1,144",1,
,説明文を開く,,"¥1,373",,
,改訂:2025/02,,,,
111-142594-11,ワーク　地理Ⅰ　日文　ＸY,教材,"¥1,144",1,
,説明文を開く,,"¥1,373",,
,改訂:2025/02,,,,
111-142595-11,ワーク　地理Ⅰ　標準　ＸY,教材,"¥1,144",1,
,説明文を開く,,"¥1,373",,
,改訂:2025/02,,,,
111-142596-11,ワーク　地理Ⅱ　帝国　ＸY,教材,"¥1,144",1,
,説明文を開く,,"¥1,373",,
,改訂:2025/02,,,,
111-142597-11,ワーク　地理Ⅱ　東書　ＸY,教材,"¥1,144",1,
,説明文を開く,,"¥1,373",,
,改訂:2025/02,,,,
111-142598-11,ワーク　地理Ⅱ　教出　ＸY,教材,"¥1,144",1,
,説明文を開く,,"¥1,373",,
,改訂:2025/02,,,,
111-142599-11,ワーク　地理Ⅱ　日文　ＸY,教材,"¥1,144",1,
,説明文を開く,,"¥1,373",,
,改訂:2025/02,,,,
111-142600-11,ワーク　地理Ⅱ　標準　ＸY,教材,"¥1,144",1,
,説明文を開く,,"¥1,373",,
,改訂:2025/02,,,,
111-142601-11,ワーク　歴史Ⅰ　帝国　ＸY　,教材,"¥1,144",1,
,説明文を開く,,"¥1,373",,
,改訂:2025/02,,,,
111-142602-11,ワーク　歴史Ⅰ　育鵬　ＸY,教材,"¥1,144",1,
,説明文を開く,,"¥1,373",,
,改訂:2025/02,,,,
111-142603-11,ワーク　歴史Ⅰ　山川　ＸY,教材,"¥1,144",1,
,説明文を開く,,"¥1,373",,
,改訂:2025/02,,,,
111-142604-11,ワーク　歴史Ⅰ　東書　ＸY,教材,"¥1,144",1,
,説明文を開く,,"¥1,373",,
,改訂:2025/02,,,,
111-142605-11,ワーク　歴史Ⅰ　教出　ＸY,教材,"¥1,144",1,
,説明文を開く,,"¥1,373",,
,改訂:2025/02,,,,
111-142606-11,ワーク　歴史Ⅰ　日文　ＸY,教材,"¥1,144",1,
,説明文を開く,,"¥1,373",,
,改訂:2025/02,,,,
111-142607-11,ワーク　歴史Ⅰ　標準　ＸY,教材,"¥1,144",1,
,説明文を開く,,"¥1,373",,
,改訂:2025/02,,,,
111-142608-11,ワーク　歴史Ⅱ　帝国　ＸY,教材,"¥1,144",1,
,説明文を開く,,"¥1,373",,
,改訂:2025/02,,,,
111-142609-11,ワーク　歴史Ⅱ　育鵬　ＸY,教材,"¥1,144",1,
,説明文を開く,,"¥1,373",,
,改訂:2025/02,,,,
111-142610-11,ワーク　歴史Ⅱ　山川　ＸY,教材,"¥1,144",1,
,説明文を開く,,"¥1,373",,
,改訂:2025/02,,,,
111-142611-11,ワーク　歴史Ⅱ　東書　ＸY,教材,"¥1,144",1,
,説明文を開く,,"¥1,373",,
,改訂:2025/02,,,,
111-142612-11,ワーク　歴史Ⅱ　教出　ＸY,教材,"¥1,144",1,
,説明文を開く,,"¥1,373",,
,改訂:2025/02,,,,
111-142613-11,ワーク　歴史Ⅱ　日文　ＸY,教材,"¥1,144",1,
,説明文を開く,,"¥1,373",,
,改訂:2025/02,,,,
111-142614-11,ワーク　歴史Ⅱ　標準　ＸY,教材,"¥1,144",1,
,説明文を開く,,"¥1,373",,
,改訂:2025/02,,,,
111-142619-11,スマートワーク　中１　数学　XY　,教材,"¥1,870",1,
,改訂:2025/02,,"¥2,244",,
111-142620-11,スマートワーク　中１　英語　東書　ＸY,教材,"¥1,870",1,
,改訂:2025/02,,"¥2,244",,
111-142621-11,スマートワーク　中１　英語　光村　ＸY,教材,"¥1,870",1,
,改訂:2025/02,,"¥2,244",,
111-142622-11,スマートワーク　中１　英語　三省　ＸY,教材,"¥1,870",1,
,改訂:2025/02,,"¥2,244",,
111-142623-11,スマートワーク　中１　英語　開隆　ＸY,教材,"¥1,870",1,
,改訂:2025/02,,"¥2,244",,
111-142624-11,スマートワーク　中２　数学　　XY,教材,"¥1,870",1,
,改訂:2025/02,,"¥2,244",,
111-142625-11,スマートワーク　中２　英語　東書　ＸY,教材,"¥1,870",1,
,改訂:2025/02,,"¥2,244",,
111-142626-11,スマートワーク　中２　英語　光村　ＸY,教材,"¥1,870",1,
,改訂:2025/02,,"¥2,244",,
111-142627-11,スマートワーク　中２　英語　三省　ＸY,教材,"¥1,870",1,
,改訂:2025/02,,"¥2,244",,
111-142628-11,スマートワーク　中２　英語　開隆　ＸY,教材,"¥1,870",1,
,改訂:2025/02,,"¥2,244",,
111-142629-11,スマートワーク　中３　数学　XY,教材,"¥1,870",1,
,改訂:2025/02,,"¥2,244",,
111-142630-11,スマートワーク　中３英語　東書　ＸY,教材,"¥1,870",1,
,改訂:2025/02,,"¥2,244",,
111-142631-11,スマートワーク　中３英語　光村　ＸY,教材,"¥1,870",1,
,改訂:2025/02,,"¥2,244",,
111-142632-11,スマートワーク　中３英語　三省　ＸY,教材,"¥1,870",1,
,改訂:2025/02,,"¥2,244",,
111-142633-11,スマートワーク　中３英語　開隆　ＸY,教材,"¥1,870",1,
,改訂:2025/02,,"¥2,244",,
111-142634-11,標準新演習　中１　国語　ＸY,教材,"¥1,716",1,
,説明文を開く,,"¥2,059",,
,改訂:2025/02,,,,
111-142635-11,標準新演習　中１　数学　ＸY,教材,"¥1,716",1,
,説明文を開く,,"¥2,059",,
,改訂:2025/02,,,,
111-142636-11,標準新演習　中１　英語　ＸY,教材,"¥1,716",1,
,説明文を開く,,"¥2,059",,
,改訂:2025/02,,,,
111-142637-11,標準新演習　中１　理科　ＸY,教材,"¥1,716",1,
,説明文を開く,,"¥2,059",,
,改訂:2025/02,,,,
111-142638-11,標準新演習　中２　国語　ＸY,教材,"¥1,716",1,
,説明文を開く,,"¥2,059",,
,改訂:2025/02,,,,
111-142639-11,標準新演習　中２　数学　ＸY,教材,"¥1,716",1,
,説明文を開く,,"¥2,059",,
,改訂:2025/02,,,,
111-142640-11,標準新演習　中２　英語　ＸY,教材,"¥1,716",1,
,説明文を開く,,"¥2,059",,
,改訂:2025/02,,,,
111-142641-11,標準新演習　中２　理科　ＸY,教材,"¥1,716",1,
,説明文を開く,,"¥2,059",,
,改訂:2025/02,,,,
111-142642-11,標準新演習　中３　国語　ＸY,教材,"¥1,716",1,
,説明文を開く,,"¥2,059",,
,改訂:2025/02,,,,
111-142643-11,標準新演習　中３　数学　ＸY,教材,"¥1,716",1,
,説明文を開く,,"¥2,059",,
,改訂:2025/02,,,,
111-142644-11,標準新演習　中３　英語　ＸY,教材,"¥1,716",1,
,説明文を開く,,"¥2,059",,
,改訂:2025/02,,,,
111-142645-11,標準新演習　中３　理科　ＸY,教材,"¥1,716",1,
,説明文を開く,,"¥2,059",,
,改訂:2025/02,,,,
111-142646-11,標準新演習　中３　社会　ＸY,教材,"¥1,716",1,
,説明文を開く,,"¥2,059",,
,改訂:2025/02,,,,
111-142647-11,標準新演習　地理Ⅰ ＸY,教材,"¥1,474",1,
,説明文を開く,,"¥1,869",,
,改訂:2025/02,,,,
111-142648-11,標準新演習　地理Ⅱ ＸY,教材,"¥1,474",1,
,説明文を開く,,"¥1,869",,
,改訂:2025/02,,,,
111-142649-11,標準新演習　歴史Ⅰ ＸY,教材,"¥1,474",1,
,説明文を開く,,"¥1,869",,
,改訂:2025/02,,,,
111-142650-11,標準新演習　歴史Ⅱ ＸY,教材,"¥1,474",1,
,説明文を開く,,"¥1,869",,
,改訂:2025/02,,,,
111-142651-11,発展新演習　中１　国語　ＸY,教材,"¥1,804",1,
,説明文を開く,,"¥2,165",,
,改訂:2025/02,,,,
111-142652-11,発展新演習　中１　数学　ＸY,教材,"¥1,804",1,
,説明文を開く,,"¥2,165",,
,改訂:2025/02,,,,
111-142653-11,発展新演習　中１　英語　ＸY,教材,"¥1,804",1,
,説明文を開く,,"¥2,165",,
,改訂:2025/02,,,,
111-142654-11,発展新演習　中２　国語　ＸY,教材,"¥1,804",1,
,説明文を開く,,"¥2,165",,
,改訂:2025/02,,,,
111-142655-11,発展新演習　中２　数学　ＸY,教材,"¥1,804",1,
,説明文を開く,,"¥2,165",,
,改訂:2025/02,,,,
111-142657-11,発展新演習　中３　国語　ＸY,教材,"¥1,804",1,
,説明文を開く,,"¥2,165",,
,改訂:2025/02,,,,
111-142658-11,発展新演習　中３　数学　ＸY,教材,"¥1,804",1,
,説明文を開く,,"¥2,165",,
,改訂:2025/02,,,,
111-142451-11,フォレスタ　英語ニューホライズン　東書　中１　ＸY,教材,"¥2,402",1,
,説明文を開く,,"¥2,933",,
,改訂:2025/02,,,,
111-142452-11,フォレスタ　英語ニューホライズン　東書　中２　ＸY,教材,"¥2,402",1,
,説明文を開く,,"¥2,933",,
,改訂:2025/02,,,,
111-142453-11,フォレスタ　英語ニューホライズン　東書　中３　ＸY,教材,"¥2,402",1,
,説明文を開く,,"¥2,933",,
,改訂:2025/02,,,,
111-142454-11,フォレスタ　英語サンシャイン　開隆　中１　ＸY,教材,"¥2,402",1,
,説明文を開く,,"¥2,933",,
,改訂:2025/02,,,,
111-142455-11,フォレスタ　英語サンシャイン　開隆　中２　ＸY,教材,"¥2,402",1,
,説明文を開く,,"¥2,933",,
,改訂:2025/02,,,,
111-142456-11,フォレスタ　英語サンシャイン　開隆　中３　ＸY,教材,"¥2,402",1,
,説明文を開く,,"¥2,933",,
,改訂:2025/02,,,,
111-142457-11,フォレスタ　英語ニュークラウン　三省堂　中１　ＸY,教材,"¥2,402",1,
,説明文を開く,,"¥2,933",,
,改訂:2025/02,,,,
111-142458-11,フォレスタ　英語ニュークラウン　三省堂　中２　ＸY,教材,"¥2,402",1,
,説明文を開く,,"¥2,933",,
,改訂:2025/02,,,,
111-142459-11,フォレスタ　英語ニュークラウン　三省堂　中３　ＸY,教材,"¥2,402",1,
,説明文を開く,,"¥2,933",,
,改訂:2025/02,,,,
111-142460-11,フォレスタ　英語ワンワールド　教出　中１　ＸY,教材,"¥2,402",1,
,説明文を開く,,"¥2,933",,
,改訂:2025/02,,,,
111-142461-11,フォレスタ　英語ワンワールド　教出　中２　ＸY,教材,"¥2,402",1,
,説明文を開く,,"¥2,933",,
,改訂:2025/02,,,,
111-142462-11,フォレスタ　英語ワンワールド　教出　中３　ＸY,教材,"¥2,402",1,
,説明文を開く,,"¥2,933",,
,改訂:2025/02,,,,
111-142463-11,フォレスタ　英語ヒアウィゴー　光村　中１　ＸY,教材,"¥2,402",1,
,説明文を開く,,"¥2,933",,
,改訂:2025/02,,,,
111-142464-11,フォレスタ　英語ヒアウィゴー　光村　中２　ＸY,教材,"¥2,402",1,
,説明文を開く,,"¥2,933",,
,改訂:2025/02,,,,
111-142465-11,フォレスタ　英語ヒアウィゴー　光村　中３　ＸY,教材,"¥2,402",1,
,説明文を開く,,"¥2,933",,
,改訂:2025/02,,,,
111-142466-11,フォレスタ　英語ブルースカイ　啓林　中１　ＸY,教材,"¥2,402",1,
,説明文を開く,,"¥2,933",,
,改訂:2025/02,,,,
111-142467-11,フォレスタ　英語ブルースカイ　啓林　中２　ＸY,教材,"¥2,402",1,
,説明文を開く,,"¥2,933",,
,改訂:2025/02,,,,
111-142468-11,フォレスタ　英語ブルースカイ　啓林　中３　ＸY,教材,"¥2,402",1,
,説明文を開く,,"¥2,933",,
,改訂:2025/02,,,,
111-142469-11,フォレスタ　数学　中１　ＸY,教材,"¥2,402",1,
,説明文を開く,,"¥2,933",,
,改訂:2025/02,,,,
111-142470-11,フォレスタ　数学　中２　ＸY,教材,"¥2,402",1,
,説明文を開く,,"¥2,933",,
,改訂:2025/02,,,,
111-142471-11,フォレスタ　数学　中３　ＸY,教材,"¥2,402",1,
,説明文を開く,,"¥2,933",,
,改訂:2025/02,,,,
111-142472-11,フォレスタ　理科　中１　ＸY,教材,"¥2,402",1,
,説明文を開く,,"¥2,933",,
,改訂:2025/02,,,,
111-142473-11,フォレスタ　理科　中２　ＸY,教材,"¥2,402",1,
,説明文を開く,,"¥2,933",,
,改訂:2025/02,,,,
111-142474-11,フォレスタ　理科　中３　ＸY,教材,"¥2,402",1,
,説明文を開く,,"¥2,933",,
,改訂:2025/02,,,,
111-142475-11,フォレスタ　社会　地理　ＸY,教材,"¥2,402",1,
,説明文を開く,,"¥2,933",,
,改訂:2025/02,,,,
111-142476-11,フォレスタ　社会　歴史 ＸY,教材,"¥2,402",1,
,説明文を開く,,"¥2,933",,
,改訂:2025/02,,,,
111-142477-11,フォレスタ　社会　公民　ＸY,教材,"¥2,402",1,
,説明文を開く,,"¥2,933",,
,改訂:2025/02,,,,
111-142478-11,フォレスタステップ　中１　数学　ＸY,教材,"¥1,830",1,
,説明文を開く,,"¥2,410",,
,改訂:2025/02,,,,
111-142479-11,フォレスタステップ　中２　数学　ＸY,教材,"¥1,973",1,
,説明文を開く,,"¥2,515",,
,改訂:2025/02,,,,
111-142480-11,フォレスタステップ　中３　数学　ＸY,教材,"¥2,116",1,
,説明文を開く,,"¥2,619",,
,改訂:2025/02,,,,
111-142481-11,フォレスタステップ　理科　ＸY,教材,"¥2,116",1,
,説明文を開く,,"¥2,619",,
,改訂:2025/02,,,,
111-142482-11,フォレスタステップ　社会　地理・歴史・公民　ＸY,教材,"¥2,116",1,
,説明文を開く,,"¥2,619",,
,改訂:2025/02,,,,
111-142483-11,フォレスタ　数学Ⅲ　ＸY,教材,"¥2,402",1,
,説明文を開く,,"¥2,661",,
,改訂:2025/02,,,,
111-142484-11,フォレスタ　言語文化　ＸY,教材,"¥2,402",1,
,説明文を開く,,"¥2,661",,
,改訂:2025/02,,,,
111-142485-11,フォレスタドリル　英語　中1　ＸY,教材,"¥1,263",1,
,説明文を開く,,"¥1,515",,
,改訂:2025/02,,,,
111-142486-11,フォレスタドリル　英語　中2　ＸY,教材,"¥1,263",1,
,説明文を開く,,"¥1,515",,
,改訂:2025/02,,,,
111-142487-11,フォレスタドリル　英語　中3　ＸY,教材,"¥1,263",1,
,説明文を開く,,"¥1,515",,
,改訂:2025/02,,,,
111-142488-11,フォレスタドリル　数学　中1　ＸY,教材,"¥1,263",1,
,説明文を開く,,"¥1,515",,
,改訂:2025/02,,,,
111-142489-11,フォレスタドリル　数学　中2　ＸY,教材,"¥1,263",1,
,説明文を開く,,"¥1,515",,
,改訂:2025/02,,,,
111-142490-11,フォレスタドリル　数学　中3　ＸY,教材,"¥1,263",1,
,説明文を開く,,"¥1,515",,
,改訂:2025/02,,,,
111-142656-11,発展新演習　中２　英語　ＸY,教材,"¥1,804",1,
,説明文を開く,,"¥2,165",,
,改訂:2025/02,,,,
111-142659-11,発展新演習　中３　英語　ＸY,教材,"¥1,804",1,
,説明文を開く,,"¥2,165",,
,改訂:2025/02,,,,
111-142832-11,春期　中１　国語　中学入門新演習　ＸY,教材,¥836,1,
,説明文を開く,,"¥1,170",,
,改訂:2025/02,,,,
111-142833-11,春期　中１　数学　中学入門新演習　ＸY,教材,¥836,1,
,説明文を開く,,"¥1,170",,
,改訂:2025/02,,,,
111-142834-11,春期　中１　英語　中学入門新演習　ＸY,教材,¥836,1,
,説明文を開く,,"¥1,170",,
,改訂:2025/02,,,,
111-142835-11,標準新演習　国語　中２　ＸY　春講用,教材,¥814,1,
,説明文を開く,,"¥1,140",,
,改訂:2025/02,,,,
111-142836-11,標準新演習　数学　中２　ＸY　春講用,教材,¥814,1,
,説明文を開く,,"¥1,140",,
,改訂:2025/02,,,,
111-142837-11,標準新演習　英語　中２　ＸY　春講用,教材,¥814,1,
,説明文を開く,,"¥1,140",,
,改訂:2025/02,,,,
111-142838-11,標準新演習　国語　中３　ＸY　春講用,教材,¥814,1,
,説明文を開く,,"¥1,140",,
,改訂:2025/02,,,,
111-142839-11,標準新演習　数学　中３　ＸY　春講用,教材,¥814,1,
,説明文を開く,,"¥1,140",,
,改訂:2025/02,,,,
111-142840-11,標準新演習　英語　中３　ＸY　春講用,教材,¥814,1,
,説明文を開く,,"¥1,140",,
,改訂:2025/02,,,,
111-142841-11,標準新演習　理科　中３　ＸY　春講用,教材,¥814,1,
,説明文を開く,,"¥1,140",,
,改訂:2025/02,,,,
111-142842-11,標準新演習　社会　中３　ＸY　春講用,教材,¥814,1,
,説明文を開く,,"¥1,140",,
,改訂:2025/02,,,,
111-142848-11,発展新演習　英語　中２　ＸY　春講用,教材,¥880,1,
,説明文を開く,,"¥1,232",,
,改訂:2025/02,,,,
111-142849-11,発展新演習　英語　中３　ＸY　春講用,教材,¥880,1,
,説明文を開く,,"¥1,232",,
,改訂:2025/02,,,,
111-142843-11,春期　中学受験新演習　小４　社会　ＸY,教材,¥792,1,
,説明文を開く,,"¥1,109",,
,改訂:2025/02,,,,
111-142861-11,高校入試対策　スパートプラス１０　国語　ＸY,教材,"¥1,201",1,
,説明文を開く,,"¥1,441",,
,改訂:2025/03,,,,
111-143009-11,中学受験新演習　小４　社会上　ＸY,教材,"¥2,860",1,
,説明文を開く,,"¥3,432",,
,改訂:2025/03,,,,
111-143010-11,中学受験新演習　小６　社会上　ＸY,教材,"¥3,080",1,
,説明文を開く,,"¥3,696",,
,改訂:2025/03,,,,
111-143011-11,中学受験実力アップ問題集　小６　社会上　ＸY,教材,"¥2,574",1,
,説明文を開く,,"¥3,089",,
,改訂:2025/03,,,,
111-143013-11,効くトレ！　リスニング４０　中１　ＸY,教材,"¥1,204",1,
,説明文を開く,,"¥1,445",,
,改訂:2025/03,,,,
111-143014-11,効くトレ！　リスニング４０　中２　ＸY,教材,"¥1,204",1,
,説明文を開く,,"¥1,445",,
,改訂:2025/03,,,,
111-143015-11,効くトレ！　リスニング４０　中３　ＸY,教材,"¥1,204",1,
,説明文を開く,,"¥1,445",,
,改訂:2025/03,,,,
111-143016-11,効くトレ！　リスニング４０　CD通常版　中１　ＸY,教材,"¥2,388",1,
,説明文を開く,,"¥2,866",,
,改訂:2025/03,,,,
111-143017-11,効くトレ！　リスニング４０　CD通常版　中２　ＸY,教材,"¥2,388",1,
,説明文を開く,,"¥2,866",,
,改訂:2025/03,,,,
111-143018-11,効くトレ！　リスニング４０　CD通常版　中３　ＸY,教材,"¥2,388",1,
,説明文を開く,,"¥2,866",,
,改訂:2025/03,,,,
111-143019-11,体系問題集数学２　代数編　基礎～発展　ＸY,教材,¥984,1,
,説明文を開く,,"¥1,348",,
,改訂:2025/02,,,,
111-143020-11,体系問題集数学２　幾何編　基礎～発展　ＸY,教材,¥970,1,
,説明文を開く,,"¥1,358",,
,改訂:2025/02,,,,
111-143021-11,体系問題集数学１　代数編　基礎～発展　ＸY,教材,¥998,1,
,説明文を開く,,"¥1,397",,
,改訂:2025/02,,,,
111-143022-11,体系問題集数学１　幾何編　基礎～発展　ＸY,教材,¥970,1,
,説明文を開く,,"¥1,358",,
,改訂:2025/02,,,,
111-142441-11,チャート式短期完成　共通テスト対策化学基礎　XY,教材,"¥1,544",1,
,説明文を開く,,"¥1,853",,
,改訂:2025/01,,,,
111-142442-11,チャート式体系数学２　代数編　２４改訂,教材,"¥1,580",1,
,説明文を開く,,"¥1,896",,
,改訂:2025/01,,,,
111-142443-11,チャート式体系数学２　幾何編　２４改訂,教材,"¥1,534",1,
,説明文を開く,,"¥1,841",,
,改訂:2025/01,,,,
111-142444-11,体系問題集数学２　代数編＜標準＞２４改訂,教材,¥638,1,
,説明文を開く,,¥893,,
,改訂:2025/01,,,,
111-142445-11,体系問題集数学２　幾何編＜標準＞２４改訂,教材,¥624,1,
,説明文を開く,,¥874,,
,改訂:2025/01,,,,
111-142446-11,チャート式体系数学１　代数編　２４改訂,教材,"¥1,628",1,
,説明文を開く,,"¥1,954",,
,改訂:2025/01,,,,
111-142447-11,チャート式体系数学１　幾何編　２４改訂,教材,"¥1,450",1,
,説明文を開く,,"¥1,740",,
,改訂:2025/01,,,,
111-142448-11,体系問題集数学１　代数編＜標準＞２４改訂,教材,¥666,1,
,説明文を開く,,¥932,,
,改訂:2025/01,,,,
111-142449-11,体系問題集数学１　幾何編＜標準＞２４改訂,教材,¥624,1,
,説明文を開く,,¥874,,
,改訂:2025/01,,,,
111-142450-11,高校ゼミ　Ｅｓｓｅｎｃｅ　小論文　ＸY,教材,"¥1,700",1,
,説明文を開く,,"¥2,040",,
,改訂:2025/01,,,,
111-143091-11,計算ピラミッド 小１ XY,教材,¥477,1,
,説明文を開く,,¥668,,
,改訂:2025/04,,,,
111-143092-11,計算ピラミッド 小２　XY,教材,¥477,1,
,説明文を開く,,¥668,,
,改訂:2025/04,,,,
111-143093-11,計算ピラミッド 小３Ⅰ　XY,教材,¥477,1,
,説明文を開く,,¥668,,
,改訂:2025/04,,,,
111-143094-11,計算ピラミッド 小３Ⅱ　XY,教材,¥477,1,
,説明文を開く,,¥668,,
,改訂:2025/04,,,,
111-143095-11,計算ピラミッド 小４Ⅰ　XY,教材,¥477,1,
,説明文を開く,,¥668,,
,改訂:2025/04,,,,
111-143096-11,計算ピラミッド 小４Ⅱ　XY,教材,¥477,1,
,説明文を開く,,¥668,,
,改訂:2025/04,,,,
111-143097-11,計算ピラミッド 小５Ⅰ　XY,教材,¥477,1,
,説明文を開く,,¥668,,
,改訂:2025/04,,,,
111-143098-11,計算ピラミッド 小５Ⅱ　XY,教材,¥477,1,
,説明文を開く,,¥668,,
,改訂:2025/04,,,,
111-143099-11,計算ピラミッド 小６Ⅰ　XY,教材,¥477,1,
,説明文を開く,,¥668,,
,改訂:2025/04,,,,
111-143100-11,計算ピラミッド 小６Ⅱ　XY,教材,¥477,1,
,説明文を開く,,¥668,,
,改訂:2025/04,,,,
111-143101-11,かんじピラミッド 小１　XY,教材,¥477,1,
,説明文を開く,,¥668,,
,改訂:2025/04,,,,
111-143102-11,かんじピラミッド 小２　XY,教材,¥477,1,
,説明文を開く,,¥668,,
,改訂:2025/04,,,,
111-143103-11,かんじピラミッド 小３Ⅰ　XY,教材,¥477,1,
,説明文を開く,,¥668,,
,改訂:2025/04,,,,
111-143104-11,かんじピラミッド 小３Ⅱ　XY,教材,¥477,1,
,説明文を開く,,¥668,,
,改訂:2025/04,,,,
111-143105-11,かんじピラミッド 小４Ⅰ　XY,教材,¥477,1,
,説明文を開く,,¥668,,
,改訂:2025/04,,,,
111-143106-11,かんじピラミッド 小４Ⅱ　XY,教材,¥477,1,
,説明文を開く,,¥668,,
,改訂:2025/04,,,,
111-143107-11,かんじピラミッド 小５Ⅰ　XY,教材,¥477,1,
,説明文を開く,,¥668,,
,改訂:2025/04,,,,
111-143108-11,かんじピラミッド 小５Ⅱ　XY,教材,¥477,1,
,説明文を開く,,¥668,,
,改訂:2025/04,,,,
111-143109-11,かんじピラミッド 小６Ⅰ　XY,教材,¥477,1,
,説明文を開く,,¥668,,
,改訂:2025/04,,,,
111-143110-11,かんじピラミッド 小６Ⅱ　XY,教材,¥477,1,
,説明文を開く,,¥668,,
,改訂:2025/04,,,,
111-143111-11,英検速習トレーニング 準２級プラス　XY,教材,"¥1,386",1,
,説明文を開く,,"¥1,663",,
,改訂:2025/04,,,,
111-143285-11,夏のココから！　中３社会　XY,教材,¥748,1,
,説明文を開く,,"¥1,047",,
,改訂:2025/06,,,,
111-143286-11,標準新演習　国語　中１　ＸY　夏講用,教材,¥814,1,
,説明文を開く,,"¥1,140",,
,改訂:2025/06,,,,
111-143287-11,標準新演習　数学　中１　ＸY　夏講用,教材,¥814,1,
,説明文を開く,,"¥1,140",,
,改訂:2025/06,,,,
111-143288-11,標準新演習　英語　中１　ＸY　夏講用,教材,¥814,1,
,説明文を開く,,"¥1,140",,
,改訂:2025/06,,,,
111-143289-11,標準新演習　理科　中１　ＸY　夏講用,教材,¥814,1,
,説明文を開く,,"¥1,140",,
,改訂:2025/06,,,,
111-143290-11,標準新演習　社会　中１　ＸY　夏講用,教材,¥814,1,
,説明文を開く,,"¥1,140",,
,改訂:2025/06,,,,
111-143291-11,標準新演習　国語　中２　ＸY　夏講用,教材,¥814,1,
,説明文を開く,,"¥1,140",,
,改訂:2025/06,,,,
111-143292-11,標準新演習　数学　中２　ＸY　夏講用,教材,¥814,1,
,説明文を開く,,"¥1,140",,
,改訂:2025/06,,,,
111-143293-11,標準新演習　英語　中２　ＸY　夏講用,教材,¥814,1,
,説明文を開く,,"¥1,140",,
,改訂:2025/06,,,,
111-143294-11,標準新演習　理科　中２　ＸY　夏講用,教材,¥814,1,
,説明文を開く,,"¥1,140",,
,改訂:2025/06,,,,
111-143295-11,標準新演習　社会　中２　ＸY　夏講用,教材,¥814,1,
,説明文を開く,,"¥1,140",,
,改訂:2025/06,,,,
111-143296-11,標準新演習　国語　中３　ＸY　夏講用,教材,¥836,1,
,説明文を開く,,"¥1,170",,
,改訂:2025/06,,,,
111-143297-11,標準新演習　数学　中３　ＸY　夏講用,教材,¥836,1,
,説明文を開く,,"¥1,170",,
,改訂:2025/06,,,,
111-143298-11,標準新演習　英語　中３　ＸY　夏講用,教材,¥836,1,
,説明文を開く,,"¥1,170",,
,改訂:2025/06,,,,
111-143299-11,標準新演習　理科　中３　ＸY　夏講用,教材,¥836,1,
,説明文を開く,,"¥1,170",,
,改訂:2025/06,,,,
111-143300-11,標準新演習　社会　中３　ＸY　夏講用,教材,¥836,1,
,説明文を開く,,"¥1,170",,
,改訂:2025/06,,,,
111-143301-11,発展新演習　英語　中１　ＸY　夏講用,教材,¥946,1,
,説明文を開く,,"¥1,324",,
,改訂:2025/06,,,,
111-143302-11,発展新演習　英語　中２　ＸY　夏講用,教材,¥946,1,
,説明文を開く,,"¥1,324",,
,改訂:2025/06,,,,
111-143303-11,発展新演習　英語　中３　ＸY　夏講用,教材,¥946,1,
,説明文を開く,,"¥1,324",,
,改訂:2025/06,,,,
111-143304-11,夏期　中学受験新演習　小４　社会　ＸY,教材,¥990,1,
,説明文を開く,,"¥1,386",,
,改訂:2025/06,,,,
111-143305-11,夏期　中学受験新演習　小６　社会　ＸY,教材,"¥1,298",1,
,説明文を開く,,"¥1,558",,
,改訂:2025/06,,,,
111-143360-11,２０２６年精選全国高校入試問題集　国語,教材,¥990,1,
,説明文を開く,,"¥1,262",,
,改訂:2025/06,,,,
111-143361-11,２０２６年精選全国高校入試問題集　数学,教材,¥990,1,
,説明文を開く,,"¥1,262",,
,改訂:2025/06,,,,
111-143362-11,２０２６年精選全国高校入試問題集　英語,教材,¥990,1,
,説明文を開く,,"¥1,262",,
,改訂:2025/06,,,,
111-143363-11,２０２６年精選全国高校入試問題集　理科,教材,¥990,1,
,説明文を開く,,"¥1,262",,
,改訂:2025/06,,,,
111-143364-11,２０２６年精選全国高校入試問題集　社会,教材,¥990,1,
,説明文を開く,,"¥1,262",,
,改訂:2025/06,,,,
111-143365-11,中学受験新演習　小４　社会　下　ＸY,教材,"¥2,860",1,
,説明文を開く,,"¥3,432",,
,改訂:2025/06,,,,
111-143366-11,中学受験新演習　小６　社会　下　ＸY,教材,"¥3,080",1,
,説明文を開く,,"¥3,696",,
,改訂:2025/06,,,,
111-143467-11,高校入試用　一問一答問題集　英語　XY,教材,¥755,1,
,説明文を開く,,"¥1,056",,
,改訂:2025/07,,,,
111-143468-11,高校入試用　一問一答問題集　数学　XY,教材,¥755,1,
,説明文を開く,,"¥1,056",,
,改訂:2025/07,,,,
111-143470-11,高校入試用　一問一答問題集　理科　XY,教材,¥755,1,
,説明文を開く,,"¥1,056",,
,改訂:2025/07,,,,
111-143471-11,高校入試用　一問一答問題集　社会　XY,教材,¥755,1,
,説明文を開く,,"¥1,056",,
,改訂:2025/07,,,,
111-143499-11,中学受験漢字ガイダンス　XY,教材,¥902,1,
,説明文を開く,,"¥1,263",,
,改訂:2023/01,,,,
111-143508-11,愛知県版　最新４年間入試問題集【取り寄せ】　XY,教材,¥944,1,
,説明文を開く,,"¥1,322",,
,改訂:2025/07,,,,
111-143802-11,標準新演習　国語　中１　ＸY　冬講用,教材,¥814,1,
,説明文を開く,,"¥1,140",,
,改訂:2025/11,,,,
111-143803-11,標準新演習　数学　中１　ＸY　冬講用,教材,¥814,1,
,説明文を開く,,"¥1,140",,
,改訂:2025/11,,,,
111-143804-11,標準新演習　英語　中１　ＸY　冬講用,教材,¥814,1,
,説明文を開く,,"¥1,140",,
,改訂:2025/11,,,,
111-143805-11,標準新演習　理科　中１　ＸY　冬講用,教材,¥814,1,
,説明文を開く,,"¥1,140",,
,改訂:2025/11,,,,
111-143806-11,標準新演習　社会　中１　ＸY　冬講用,教材,¥814,1,
,説明文を開く,,"¥1,140",,
,改訂:2025/11,,,,
111-143807-11,標準新演習　国語　中２　ＸY　冬講用,教材,¥814,1,
,説明文を開く,,"¥1,140",,
,改訂:2025/11,,,,
111-143808-11,標準新演習　数学　中２　ＸY　冬講用,教材,¥814,1,
,説明文を開く,,"¥1,140",,
,改訂:2025/11,,,,
111-143809-11,標準新演習　英語　中２　ＸY　冬講用,教材,¥814,1,
,説明文を開く,,"¥1,140",,
,改訂:2025/11,,,,
111-143810-11,標準新演習　理科　中２　ＸY　冬講用,教材,¥814,1,
,説明文を開く,,"¥1,140",,
,改訂:2025/11,,,,
111-143811-11,標準新演習　社会　中２　ＸY　冬講用,教材,¥814,1,
,説明文を開く,,"¥1,140",,
,改訂:2025/11,,,,
111-143812-11,標準新演習　国語　中３　ＸY　冬講用,教材,¥836,1,
,説明文を開く,,"¥1,170",,
,改訂:2025/11,,,,
111-143813-11,標準新演習　数学　中３　ＸY　冬講用,教材,¥836,1,
,説明文を開く,,"¥1,170",,
,改訂:2025/11,,,,
111-143814-11,標準新演習　英語　中３　ＸY　冬講用,教材,¥836,1,
,説明文を開く,,"¥1,170",,
,改訂:2025/11,,,,
111-143815-11,標準新演習　理科　中３　ＸY　冬講用,教材,¥836,1,
,説明文を開く,,"¥1,170",,
,改訂:2025/11,,,,
111-143816-11,標準新演習　社会　中３　ＸY　冬講用,教材,¥836,1,
,説明文を開く,,"¥1,170",,
,改訂:2025/11,,,,
111-143817-11,発展新演習　英語　中１　ＸY　冬講用,教材,¥946,1,
,説明文を開く,,"¥1,324",,
,改訂:2025/11,,,,
111-143818-11,発展新演習　英語　中２　ＸY　冬講用,教材,¥946,1,
,説明文を開く,,"¥1,324",,
,改訂:2025/11,,,,
111-143819-11,発展新演習　英語　中３　ＸY　冬講用,教材,¥946,1,
,説明文を開く,,"¥1,324",,
,改訂:2025/11,,,,
111-143820-11,入試直前コレだけ！　中３国語　ＸY,教材,¥748,1,
,説明文を開く,,"¥1,047",,
,改訂:2025/11,,,,
111-143821-11,入試直前コレだけ！　中３数学　ＸY,教材,¥748,1,
,説明文を開く,,"¥1,047",,
,改訂:2025/11,,,,
111-143822-11,入試直前コレだけ！　中３英語　ＸY,教材,¥748,1,
,説明文を開く,,"¥1,047",,
,改訂:2025/11,,,,
111-143823-11,入試直前コレだけ！　中３理科　ＸY,教材,¥748,1,
,説明文を開く,,"¥1,047",,
,改訂:2025/11,,,,
111-143824-11,入試直前コレだけ！　中３社会　ＸY,教材,¥748,1,
,説明文を開く,,"¥1,047",,
,改訂:2025/11,,,,
111-143825-11,埼玉　入試直前予想演習　５回　理科　ＸY,教材,¥704,1,
,説明文を開く,,¥986,,
,改訂:2025/11,,,,
111-143826-11,東京　入試直前予想演習　５回　社会　ＸY,教材,¥704,1,
,説明文を開く,,"¥1,261",,
,改訂:2025/11,,,,
111-143827-11,冬期　中学受験新演習　小４　社会　ＸY,教材,¥990,1,
,説明文を開く,,"¥1,386",,
,改訂:2025/11,,,,
111-143828-11,冬期　中学受験新演習　小６　社会　ＸY,教材,"¥1,298",1,
,説明文を開く,,"¥1,558",,
,改訂:2025/11,,,,
111-143829-11,広島県立　入試直前予想演習５回　５教科　ＸY,教材,"¥4,290",1,
,説明文を開く,,"¥5,148",,
,改訂:2025/11,,,,
111-143830-11,共通テスト対策模擬　国語　γ　新課程　ＸY,教材,¥594,1,
,説明文を開く,,¥832,,
,改訂:2025/11,,,,
111-143831-11,共通テスト対策模擬　英語リーディングα新課程　ＸY,教材,¥594,1,
,説明文を開く,,¥832,,
,改訂:2025/11,,,,
111-143832-11,共通テスト対策模擬　英語リーディングγ新課程　ＸY,教材,¥594,1,
,説明文を開く,,¥832,,
,改訂:2025/11,,,,
111-143833-11,神奈川　入試トレーニング　高校入試対策　英語　ＸY,教材,"¥1,078",1,
,説明文を開く,,"¥1,294",,
,改訂:2025/11,,,,
111-143834-11,神奈川　入試トレーニング　高校入試対策　数学　ＸY,教材,"¥1,078",1,
,説明文を開く,,"¥1,294",,
,改訂:2025/11,,,,
111-143835-11,神奈川　入試トレーニング　高校入試対策　国語　ＸY,教材,"¥1,078",1,
,説明文を開く,,"¥1,294",,
,改訂:2025/11,,,,
111-143836-11,中学のまとめ　英語　ＸY,教材,"¥1,584",1,
,説明文を開く,,"¥1,901",,
,改訂:2025/11,,,,
111-143837-11,中学のまとめ　数学　ＸY,教材,"¥1,584",1,
,説明文を開く,,"¥1,901",,
,改訂:2025/11,,,,
111-143838-11,中学のまとめ　国語　ＸY,教材,"¥1,584",1,
,説明文を開く,,"¥1,901",,
,改訂:2025/11,,,,
111-143839-11,中学のまとめ　理科　ＸY,教材,"¥1,584",1,
,説明文を開く,,"¥1,901",,
,改訂:2025/11,,,,
111-143840-11,中学のまとめ　社会　ＸY,教材,"¥1,584",1,
,説明文を開く,,"¥1,901",,
,改訂:2025/11,,,,
111-143851-11,愛知県版　入試６回　英語　ＸY　２０２６受験用,教材,¥594,1,
,説明文を開く,,¥832,,
,改訂:2025/11,,,,
111-143852-11,愛知県版　入試６回　数学　ＸY　２０２６受験用,教材,¥594,1,
,説明文を開く,,¥832,,
,改訂:2025/11,,,,
111-143853-11,愛知県版　入試６回　国語　ＸY　２０２６受験用,教材,¥594,1,
,説明文を開く,,¥832,,
,改訂:2025/11,,,,
111-143854-11,愛知県版　入試６回　理科　ＸY　２０２６受験用,教材,¥594,1,
,説明文を開く,,¥832,,
,改訂:2025/11,,,,
111-143855-11,愛知県版　入試６回　社会　ＸY　２０２６受験用,教材,¥594,1,
,説明文を開く,,¥832,,
,改訂:2025/11,,,,
111-143856-11,愛知県版　入試６回　英語リスニングＣＤ　ＸY,教材,"¥1,485",1,
,説明文を開く,,"¥1,782",,
,改訂:2025/11,,,,
111-144213-11,神奈川　入試トレーニング　高校入試対策　特色　XY,教材,"¥2,614",1,
,説明文を開く,,"¥3,137",,
,改訂:2025/11,,,,
441-112838-11,シャーペン　グリーン　 １セット：10本入,販促物,¥880,1,
441-118228-11,蛍光マーカー　スティックタイプ　黄色,販促物,¥198,1,
441-116345-11,フリクションボールペン　黒 １セット：5本入,販促物,¥990,1,
441-116344-11,フリクションボールペン　赤 １セット：5本入,販促物,¥990,1,
441-144327-11,ベストワン　フリクションファインライナー（６色）,販促物,¥770,1,
441-127280-11,キラリッチラインマーカー３色セット ３組入,販促物,¥990,1,
441-118742-11,消しゴム　緑カバー　犬ロゴ入り １セット：10個入,販促物,¥712,1,
441-116281-11,消しゴム　犬版　（くりぬき型） １セット：5個入,販促物,¥880,1,
441-121352-11,合格カイロ １セット：10個入,販促物,¥880,1,
441-119988-11,合格だるまメモ １セット：10冊入,販促物,¥660,1,
441-143056-11,ベストワン　付箋　カバーつき　１セット：10個入,販促物,¥880,1,
,改訂:2025/06,,,,
441-116280-11,Ａ５ノート １セット：4冊入,販促物,¥330,1,
441-116770-11,犬・ロゴ　シール １セット：10枚入,販促物,¥440,1,
441-121498-11,ベストワン　ワッペン １セット：5枚入,販促物,"¥1,630",1,
441-113411-11,クリアファイル　犬版,販促物,¥110,100,
441-129272-11,ベストワン　折り畳み物差し 1本,販促物,¥154,1,
441-124921-11,ベストワン　オリジナルスリッパ,販促物,¥990,1,
441-114964-11,ベストワン　ネックストラップ 　 １セット：５個入,販促物,"¥2,200",1,
441-129273-11,ベストワン　マスクケース 1セット50枚入,販促物,"¥4,180",1,
441-129274-11,ベストワン　合格祈願マスクＡ（ベージュ・ネイビー） 1セット（2枚入）,販促物,¥748,1,
441-129275-11,ベストワン　合格祈願マスクＢ（グレー・ネイビー） 1セット（2枚入）,販促物,¥748,1,
441-131334-11,絵馬型キーホルダー　合格祈願,販促物,¥330,3,
441-131333-11,絵馬型キーホルダー　学業成就,販促物,¥330,3,
441-143057-11,ベストワン　講師の心構え（受注停止中）,販促物,¥110,5,品切れ中
,改訂:2025/06,,,,
441-118791-11,メッセージカード　約 13.5cm×13.5cm １セット：50枚入,販促物,"¥1,650",1,
441-121221-11,ベストワン　ジャンパー（Ｍサイズ）,販促物,"¥3,300",1,
441-121222-11,ベストワン　ジャンパー（Ｌサイズ）,販促物,"¥3,300",1,
441-124781-11,ベストワンオリジナル紙袋,販促物,¥253,1,
441-129376-11,カザス（KAZASU）カード(1枚単位) カザス,販促物,¥275,1,
441-119203-11,安心でんしょばとカード(1枚単位) 安心でんしょばと,販促物,¥275,1,
441-111464-11,駐輪ステッカー １シート：5枚,販促物,¥276,1,
441-113157-11,ベストワン長３封筒　クリーム色,販促物,¥11,100,
441-113156-11,ベストワン　角２封筒 クリーム色,販促物,¥44,100,
441-118222-11,透明封筒　ロゴ入り　長３タイプ 1セット：100枚入,販促物,¥440,1,
441-118223-11,透明封筒　ロゴ入り　B５タイプ １セット：100枚入,販促物,¥660,1,
441-125408-11,透明封筒　ロゴ入り　角２タイプ,販促物,¥13.20,100,
441-119930-11,ベストワン・ジュニア併設校用 長3封筒,販促物,¥11,100,
441-119929-11,ベストワン・ジュニア併設校用 角2封筒,販促物,¥44,100,
441-143161-11,ベストワン　生徒募集パンフレット,販促物,¥110,100,
,改訂:2025/05,,,,
441-129896-11,中高一貫校生用パンフレット 1セット：100部入,販促物,"¥3,300",1,
441-108091-11,個別指導報告書,販促物,¥15.72,100,
441-114760-11,無料体験カード １セット：100部入,販促物,"¥1,100",1,
441-114762-11,自習ポイントカード １セット：100部入,販促物,"¥1,100",1,
441-119868-11,入学金全額免除カード １セット：100枚入,販促物,"¥1,100",1,
441-114761-11,紹介者カード １セット：100部入,販促物,"¥1,100",1,
441-141009-11,春期用パンフレット　A4サイズ １セット：100部入,販促物,"¥4,400",1,
441-128303-11,夏期用パンフレット　A4サイズ １セット：100部入,販促物,"¥4,400",1,
441-140359-11,冬期用パンフレット　A4サイズ １セット：100部入,販促物,"¥4,400",1,
231-130673-11,公立高校入試にみるSDGs,販促物,¥352,1,
231-143408-11,学校推薦・総合型選抜のキホンがわかる 大学入試ガイドブック 2025改訂版,販促物,¥308,1,
441-137605-11,ベストワン　ご案内リーフレット　三折り XV　１セット：100枚入,販促物,"¥2,200",1,
,改訂:2023/02,,,,
441-143534-11,ベストワン　小学生募集リーフレット　ＸＹ　１セット：100枚入,販促物,¥880,1,
441-126552-11,ECCオリジナル　英検対策　三折りリーフ　１セット：100枚入,販促物,"¥1,100",1,
441-137712-11,じぶんでできた　チラシ　１セット：500枚,販促物,"¥3,300",1,
441-140527-11,英語コンプリートコース　三折りリーフ １セット：100枚入,販促物,"¥1,100",1,
,改訂:2024/01,,,,
441-139007-11,ベストワン　定期テスト対策リーフレット　１セット：100枚入（10セット単位）,販促物,¥605,10,
441-127659-11,総合型選抜・学校推薦型選抜対策パンフレット,販促物,¥110,1,
441-143133-11,英検パンフレット １セット：50部入,販促物,"¥1,100",1,
,改訂:2025/05,,,,
441-143600-11,2026年 大学　学部別難易度ランキング表（4枚1組),販促物,¥660,1,
441-119099-11,ベストワンカウンターツール　中・高校生科用（両面）,販促物,¥33,1,
443-130896-11,カウンターツール　　中学準備講座（１校舎３枚まで）,販促物,¥0,1,
,改訂:2021/11,,,,
443-130895-11,カウンターツール　　高校準備講座（１校舎３枚まで）,販促物,¥0,1,
,改訂:2021/11,,,,
443-121064-11,カウンターツール　　週3回受講提案用(1校舎5枚まで),販促物,¥0,1,
443-121870-11,カウンターツール　　他塾との比較(1校舎5枚まで),販促物,¥0,1,
231-141002-11,まるわかりブック 42　2024春 進化する今どきの小学教科書,販促物,¥132,1,品切れ中
231-141003-11,まるわかりブック 43　今どきの「学校推薦型選抜・総合型選抜」のキホン,販促物,¥132,1,
231-142058-11,まるわかりブック 44　小・中・高　どこでもどの教科でもいま「情報活用能力」が重要!!,販促物,¥132,1,
231-142059-11,まるわかりブック 45　「今どきのリアル学習事情」,販促物,¥132,1,
231-142938-11,まるわかりブック 46　「高1の学びが未来を決める?!高校学習スタートガイド」,販促物,¥132,1,
231-143407-11,まるわかりブック 47　「必読！公立高校入試制度最新ガイド」,販促物,¥132,1,
441-143598-11,ベストワン　生徒募集ポスター大谷選手版　2026年度版,販促物,¥550,3,
441-141948-11,ベストワン　生徒募集ポスター大谷選手版（1校舎:9枚まで）,販促物,¥275,3,
441-132345-11,新規開校ポスター（女の子編）,販促物,¥550,3,
,改訂:2022/07,,,,
441-112954-11,新規開校ポスター（ヨロイ編）,販促物,¥550,3,
441-120533-11,通年用ポスター（女の子編）,販促物,¥550,3,
441-128798-11,英語コンプリートコースポスター,販促物,¥550,3,
441-123175-11,理科×社会 映像授業対策ポスター,販促物,¥550,3,
441-112955-11,春期講習募集ポスター,販促物,¥550,3,
441-126565-11,夏期講習ポスター（挑戦の夏編）,販促物,¥550,3,
441-128304-11,【屋内用】夏期講習ポスター（挑戦の夏編） １セット：3枚入,販促物,"¥1,100",1,
441-113265-11,夏期講習ポスター（心のヨロイ編）,販促物,¥550,3,
441-125737-11,冬期講習募集ポスター,販促物,¥550,3,
441-137710-11,じぶんでできた　ポスター,販促物,¥550,3,
441-114758-11,紹介用ポスター,販促物,¥110,1,
441-121675-11,外部資格試験対応ポスター,販促物,¥183.34,3,
443-141525-11,大学合格実績ポスター 2025　1校舎：1枚,販促物,¥0,1,
,改訂:2024/08,,,,
443-141526-11,１都３県高校合格ポスター 2025　1校舎：1枚,販促物,¥0,1,
,改訂:2024/08,,,,
441-116070-11,学習法ポスター　高校生科用,販促物,¥110,1,
441-116071-11,学習法ポスター　中学生科用,販促物,¥110,1,
441-114759-11,他塾との比較ポスター,販促物,¥110,1,
441-122513-11,ベストワン　個別指導塾のぼり（旗のみ）,販促物,"¥1,885",1,
999-000109-11,ベストワン　個別指導塾のぼり　ポールセット　441-127323-11,販促物,"¥2,200",1,
441-112969-11,ベストワン　生徒募集のぼり（旗のみ）,販促物,"¥1,885",1,
999-000106-11,ベストワン　生徒募集のぼり　ポールセット　441-127319-11,販促物,"¥2,200",1,
441-122794-11,ベストワン　定期テスト対策のぼり (旗のみ),販促物,"¥1,885",1,
999-000110-11,ベストワン　定期テスト対策のぼり　ポールセット　441-127324-11,販促物,"¥2,200",1,
441-108092-11,ベストワン　無料体験通年用のぼり（旗のみ）,販促物,"¥1,885",1,
999-000101-11,ベストワン　無料体験通年用のぼり　ポールセット　441-127314-11,販促物,"¥2,200",1,
441-114746-11,ベストワン　無料体験のぼり（女性写真）（旗のみ）,販促物,"¥1,885",1,
999-000108-11,ベストワン　無料体験のぼり（女性写真） ポールセット　441-127321-11,販促物,"¥2,200",1,
441-123286-11,ベストワン＆ジュニア　併行開講のぼり（旗のみ）,販促物,"¥1,885",1,
999-000112-11,ベストワン＆ジュニア　併行開講のぼり ポールセット　441-127326-11,販促物,"¥2,200",1,
441-110718-11,ベストワン　新開校のぼり（旗のみ）,販促物,"¥1,885",1,
999-000102-11,ベストワン　新開校のぼり　ポールセット　441-127315-11,販促物,"¥2,200",1,
441-112971-11,ベストワン　新年度生募集のぼり（旗のみ）,販促物,"¥1,885",1,
999-000107-11,ベストワン　新年度生募集のぼり　ポールセット　441-127320-11,販促物,"¥2,200",1,
441-112543-11,ベストワン　春期講習のぼり（旗のみ）,販促物,"¥1,885",1,
999-000104-11,ベストワン　春期講習のぼり　ポールセット　441-127317-11,販促物,"¥2,200",1,
441-111623-11,ベストワン　夏期講習のぼり（旗のみ）,販促物,"¥1,885",1,
999-000103-11,ベストワン　夏期講習のぼり　ポールセット　441-127316-11,販促物,"¥2,200",1,
441-112544-11,ベストワン　冬期講習のぼり（旗のみ）,販促物,"¥1,885",1,
999-000105-11,ベストワン　冬期講習のぼり　ポールセット　441-127318-11,販促物,"¥2,200",1,
441-123174-11,ベストワン　理科×社会　映像授業対策のぼり（旗のみ）,販促物,"¥1,885",1,
999-000111-11,ベストワン　理科×社会映像授業対策のぼりポールセット　441-127325-11,販促物,"¥2,200",1,
441-141903-11,ベストワン　英検対策のぼり（旗のみ）,販促物,"¥1,885",1,
999-000115-11,ベストワン　英検対策のぼり　ポールセット　441-141904-11,販促物,"¥2,200",1,
441-113498-11,のぼり用ポールスタンド,販促物,"¥2,828",1,
443-123926-11,受講上の注意 1セット：100部入,販促物,¥0,1,
443-127981-11,受講約款　学則,販促物,¥0,100,
443-127898-11,入学願書 １冊：100部,販促物,¥0,1,
443-112423-11,各種変更届 １セット：50部入,販促物,¥0,1,
443-117751-11,20点アップ成績保証制度申込書 １冊：30部,販促物,¥0,1,
443-119032-11,入学金免除特典のご案内,販促物,¥0,100,
443-127899-11,季節講習受講申込書 １冊：100部,販促物,¥0,1,
443-137606-11,学費案内（年間44回プラン）,販促物,¥0,100,
443-137608-11,学費案内（年間48回プラン）※申請校のみ注文可,販促物,¥0,100,
443-130314-11,講習学費案内,販促物,¥0,100,
443-140448-11,【改定】学費案内（年間44回プラン）※申請校のみ注文可,販促物,¥0,100,
443-140449-11,【改定】学費案内（年間48回プラン）※申請校のみ注文可,販促物,¥0,100,
443-140450-11,【改定】講習学費案内 ※申請校のみ注文可,販促物,¥0,100,
443-129458-11,問い合わせ受講希望シート（小学生用）,販促物,¥0,100,
443-130865-11,問い合わせ受講希望シート（中・高生用）,販促物,¥0,100,
